Timestamp,Bld_64_DDC_1.1_Rm_Temp(°C)
30/08/2017 15:30,21.2
30/08/2017 15:45,21.2
30/08/2017 16:00,21.3
30/08/2017 16:15,21.1
30/08/2017 16:30,21.1
30/08/2017 16:45,20.8
30/08/2017 17:00,20.7
30/08/2017 17:15,20.7
30/08/2017 17:30,20.9
30/08/2017 17:45,21.1
30/08/2017 18:00,21.1
30/08/2017 18:15,21
30/08/2017 18:30,21.3
30/08/2017 18:45,21.1
30/08/2017 19:00,20.8
30/08/2017 19:15,20.7
30/08/2017 19:30,20.8
30/08/2017 19:45,20.9
30/08/2017 20:00,20.9
30/08/2017 20:15,18.7
30/08/2017 20:30,16.6
30/08/2017 20:45,15.5
30/08/2017 21:00,14.7
30/08/2017 21:15,14.2
30/08/2017 21:30,13.9
30/08/2017 21:45,13.5
30/08/2017 22:00,13.3
30/08/2017 22:15,13.1
30/08/2017 22:30,12.9
30/08/2017 22:45,12.7
30/08/2017 23:00,12.5
30/08/2017 23:15,12.3
30/08/2017 23:30,12
30/08/2017 23:45,11.9
31/08/2017 0:00,11.7
31/08/2017 0:15,11.6
31/08/2017 0:30,11.4
31/08/2017 0:45,11.3
31/08/2017 1:00,11.3
31/08/2017 1:15,11.2
31/08/2017 1:30,11.2
31/08/2017 1:45,11.3
31/08/2017 2:00,11.4
31/08/2017 2:15,11.6
31/08/2017 2:30,11.6
31/08/2017 2:45,11.6
31/08/2017 3:00,11.5
31/08/2017 3:15,11.4
31/08/2017 3:30,11.3
31/08/2017 3:45,11.1
31/08/2017 4:00,10.9
31/08/2017 4:15,10.8
31/08/2017 4:30,10.8
31/08/2017 4:45,10.7
31/08/2017 5:00,10.5
31/08/2017 5:15,10.2
31/08/2017 5:30,10.2
31/08/2017 5:45,10.2
31/08/2017 6:00,10.1
31/08/2017 6:15,10.3
31/08/2017 6:30,10.4
31/08/2017 6:45,10.3
31/08/2017 7:00,10.1
31/08/2017 7:15,10.1
31/08/2017 7:30,10
31/08/2017 7:45,10
31/08/2017 8:00,10.2
31/08/2017 8:15,13.7
31/08/2017 8:30,17
31/08/2017 8:45,18.2
31/08/2017 9:00,18.7
31/08/2017 9:15,18.9
31/08/2017 9:30,19.1
31/08/2017 9:45,19.4
31/08/2017 10:00,19.5
31/08/2017 10:15,20.1
31/08/2017 10:30,20
31/08/2017 10:45,20.5
31/08/2017 11:00,20.8
31/08/2017 11:15,21.1
31/08/2017 11:30,20.9
31/08/2017 11:45,20.2
31/08/2017 12:00,20.9
31/08/2017 12:15,20.8
31/08/2017 12:30,21.2
31/08/2017 12:45,21
31/08/2017 13:00,20.5
31/08/2017 13:15,20.7
31/08/2017 13:30,21.2
31/08/2017 13:45,21.2
31/08/2017 14:00,21.1
31/08/2017 14:15,20.9
31/08/2017 14:30,21.2
31/08/2017 14:45,21.3
31/08/2017 15:00,21.1
31/08/2017 15:15,20.8
31/08/2017 15:30,21
31/08/2017 15:45,20.9
31/08/2017 16:00,20.9
31/08/2017 16:15,20.9
31/08/2017 16:30,21.2
31/08/2017 16:45,21.1
31/08/2017 17:00,20.9
31/08/2017 17:15,20.8
31/08/2017 17:30,21.1
31/08/2017 17:45,21.2
31/08/2017 18:00,21.2
31/08/2017 18:15,21.2
31/08/2017 18:30,20.9
31/08/2017 18:45,20.8
31/08/2017 19:00,20.6
31/08/2017 19:15,21
31/08/2017 19:30,20.7
31/08/2017 19:45,21.2
31/08/2017 20:00,20.5
31/08/2017 20:15,20.9
31/08/2017 20:30,20.9
31/08/2017 20:45,21.1
31/08/2017 21:00,20.9
31/08/2017 21:15,21.2
31/08/2017 21:30,21
31/08/2017 21:45,20.5
31/08/2017 22:00,20.8
31/08/2017 22:15,21.2
31/08/2017 22:30,20.5
31/08/2017 22:45,20.5
31/08/2017 23:00,21.2
31/08/2017 23:15,20.4
31/08/2017 23:30,21
31/08/2017 23:45,17.8
1/09/2017 0:00,15.6
1/09/2017 0:15,14.3
1/09/2017 0:30,13.5
1/09/2017 0:45,13.1
1/09/2017 1:00,12.6
1/09/2017 1:15,12.4
1/09/2017 1:30,12.1
1/09/2017 1:45,11.9
1/09/2017 2:00,11.7
1/09/2017 2:15,11.6
1/09/2017 2:30,11.5
1/09/2017 2:45,11.4
1/09/2017 3:00,11.3
1/09/2017 3:15,11.2
1/09/2017 3:30,11.1
1/09/2017 3:45,10.9
1/09/2017 4:00,10.9
1/09/2017 4:15,11
1/09/2017 4:30,10.9
1/09/2017 4:45,10.9
1/09/2017 5:00,10.8
1/09/2017 5:15,10.7
1/09/2017 5:30,10.7
1/09/2017 5:45,10.7
1/09/2017 6:00,10.7
1/09/2017 6:15,10.7
1/09/2017 6:30,10.7
1/09/2017 6:45,10.7
1/09/2017 7:00,10.7
1/09/2017 7:15,10.9
1/09/2017 7:30,11
1/09/2017 7:45,11.1
1/09/2017 8:00,11.2
1/09/2017 8:15,16
1/09/2017 8:30,18.4
1/09/2017 8:45,19.4
1/09/2017 9:00,20.1
1/09/2017 9:15,20.6
1/09/2017 9:30,21
1/09/2017 9:45,20.7
1/09/2017 10:00,21
1/09/2017 10:15,21
1/09/2017 10:30,20.7
1/09/2017 10:45,21
1/09/2017 11:00,21.1
1/09/2017 11:15,20.8
1/09/2017 11:30,21.2
1/09/2017 11:45,21.1
1/09/2017 12:00,21.1
1/09/2017 12:15,20.9
1/09/2017 12:30,21
1/09/2017 12:45,20.8
1/09/2017 13:00,21
1/09/2017 13:15,21.2
1/09/2017 13:30,20.8
1/09/2017 13:45,20.9
1/09/2017 14:00,21.1
1/09/2017 14:15,20.9
1/09/2017 14:30,20.8
1/09/2017 14:45,21.1
1/09/2017 15:00,21.2
1/09/2017 15:15,21
1/09/2017 15:30,21.1
1/09/2017 15:45,21.1
1/09/2017 16:00,21.1
1/09/2017 16:15,21.1
1/09/2017 16:30,21
1/09/2017 16:45,21.2
1/09/2017 17:00,20.8
1/09/2017 17:15,21.1
1/09/2017 17:30,21
1/09/2017 17:45,21
1/09/2017 18:00,20.9
1/09/2017 18:15,21.1
1/09/2017 18:30,20.8
1/09/2017 18:45,21.1
1/09/2017 19:00,20.9
1/09/2017 19:15,20.9
1/09/2017 19:30,21
1/09/2017 19:45,21.1
1/09/2017 20:00,20.9
1/09/2017 20:15,21.1
1/09/2017 20:30,21.2
1/09/2017 20:45,21
1/09/2017 21:00,21.2
1/09/2017 21:15,21.2
1/09/2017 21:30,20.7
1/09/2017 21:45,21.1
1/09/2017 22:00,20.9
1/09/2017 22:15,21.2
1/09/2017 22:30,21
1/09/2017 22:45,20.8
1/09/2017 23:00,21.2
1/09/2017 23:15,20.9
1/09/2017 23:30,21.1
1/09/2017 23:45,18.9
2/09/2017 0:00,17.3
2/09/2017 0:15,16.3
2/09/2017 0:30,15.6
2/09/2017 0:45,15.3
2/09/2017 1:00,14.9
2/09/2017 1:15,14.8
2/09/2017 1:30,14.6
2/09/2017 1:45,14.4
2/09/2017 2:00,14.3
2/09/2017 2:15,14.2
2/09/2017 2:30,14.1
2/09/2017 2:45,14.1
2/09/2017 3:00,14.1
2/09/2017 3:15,14
2/09/2017 3:30,14
2/09/2017 3:45,13.9
2/09/2017 4:00,13.9
2/09/2017 4:15,13.9
2/09/2017 4:30,13.9
2/09/2017 4:45,13.9
2/09/2017 5:00,14
2/09/2017 5:15,14
2/09/2017 5:30,14.1
2/09/2017 5:45,14.1
2/09/2017 6:00,14.1
2/09/2017 6:15,14.1
2/09/2017 6:30,14.2
2/09/2017 6:45,14.2
2/09/2017 7:00,14.3
2/09/2017 7:15,14.3
2/09/2017 7:30,14.3
2/09/2017 7:45,14.3
2/09/2017 8:00,14.3
2/09/2017 8:15,17.2
2/09/2017 8:30,19.7
2/09/2017 8:45,20.3
2/09/2017 9:00,20.6
2/09/2017 9:15,20.9
2/09/2017 9:30,21
2/09/2017 9:45,20.9
2/09/2017 10:00,20.7
2/09/2017 10:15,20.8
2/09/2017 10:30,20.9
2/09/2017 10:45,21.2
2/09/2017 11:00,20.8
2/09/2017 11:15,20.9
2/09/2017 11:30,21.2
2/09/2017 11:45,20.9
2/09/2017 12:00,21.1
2/09/2017 12:15,21
2/09/2017 12:30,21
2/09/2017 12:45,20.8
2/09/2017 13:00,21
2/09/2017 13:15,21.2
2/09/2017 13:30,21.1
2/09/2017 13:45,20.9
2/09/2017 14:00,21
2/09/2017 14:15,21.2
2/09/2017 14:30,20.9
2/09/2017 14:45,21
2/09/2017 15:00,21.1
2/09/2017 15:15,20.9
2/09/2017 15:30,21
2/09/2017 15:45,20.9
2/09/2017 16:00,21.1
2/09/2017 16:15,21.1
2/09/2017 16:30,21.1
2/09/2017 16:45,20.8
2/09/2017 17:00,21
2/09/2017 17:15,21.1
2/09/2017 17:30,21.1
2/09/2017 17:45,19.8
2/09/2017 18:00,18.9
2/09/2017 18:15,18.3
2/09/2017 18:30,17.8
2/09/2017 18:45,17.5
2/09/2017 19:00,17.2
2/09/2017 19:15,17
2/09/2017 19:30,17
2/09/2017 19:45,16.9
2/09/2017 20:00,16.8
2/09/2017 20:15,16.7
2/09/2017 20:30,16.7
2/09/2017 20:45,16.6
2/09/2017 21:00,16.5
2/09/2017 21:15,16.5
2/09/2017 21:30,16.4
2/09/2017 21:45,16.4
2/09/2017 22:00,16.5
2/09/2017 22:15,16.5
2/09/2017 22:30,16.6
2/09/2017 22:45,16.6
2/09/2017 23:00,16.7
2/09/2017 23:15,16.7
2/09/2017 23:30,16.7
2/09/2017 23:45,16.7
3/09/2017 0:00,16.7
3/09/2017 0:15,16.8
3/09/2017 0:30,16.7
3/09/2017 0:45,16.7
3/09/2017 1:00,16.7
3/09/2017 1:15,16.7
3/09/2017 1:30,16.7
3/09/2017 1:45,16.7
3/09/2017 2:00,16.7
3/09/2017 2:15,16.7
3/09/2017 2:30,16.7
3/09/2017 2:45,16.6
3/09/2017 3:00,16.7
3/09/2017 3:15,16.7
3/09/2017 3:30,16.7
3/09/2017 3:45,16.7
3/09/2017 4:00,16.7
3/09/2017 4:15,16.7
3/09/2017 4:30,16.8
3/09/2017 4:45,16.8
3/09/2017 5:00,16.8
3/09/2017 5:15,16.8
3/09/2017 5:30,16.8
3/09/2017 5:45,16.8
3/09/2017 6:00,16.8
3/09/2017 6:15,16.8
3/09/2017 6:30,16.8
3/09/2017 6:45,16.7
3/09/2017 7:00,16.8
3/09/2017 7:15,16.8
3/09/2017 7:30,16.8
3/09/2017 7:45,16.8
3/09/2017 8:00,16.9
3/09/2017 8:15,16.8
3/09/2017 8:30,16.8
3/09/2017 8:45,16.8
3/09/2017 9:00,16.7
3/09/2017 9:15,16.7
3/09/2017 9:30,16.5
3/09/2017 9:45,16.2
3/09/2017 10:00,15.9
3/09/2017 10:15,15.7
3/09/2017 10:30,15.6
3/09/2017 10:45,15.4
3/09/2017 11:00,15.2
3/09/2017 11:15,15.1
3/09/2017 11:30,15
3/09/2017 11:45,14.9
3/09/2017 12:00,14.9
3/09/2017 12:15,15
3/09/2017 12:30,15
3/09/2017 12:45,15.1
3/09/2017 13:00,15.1
3/09/2017 13:15,15.2
3/09/2017 13:30,15.2
3/09/2017 13:45,15.1
3/09/2017 14:00,15.2
3/09/2017 14:15,15.3
3/09/2017 14:30,15.4
3/09/2017 14:45,15.4
3/09/2017 15:00,15.3
3/09/2017 15:15,15.4
3/09/2017 15:30,15.3
3/09/2017 15:45,15.3
3/09/2017 16:00,15.3
3/09/2017 16:15,15.2
3/09/2017 16:30,15.3
3/09/2017 16:45,15.3
3/09/2017 17:00,15.4
3/09/2017 17:15,15.4
3/09/2017 17:30,15.4
3/09/2017 17:45,15.4
3/09/2017 18:00,15.3
3/09/2017 18:15,15.3
3/09/2017 18:30,15.3
3/09/2017 18:45,15.3
3/09/2017 19:00,15.2
3/09/2017 19:15,15.2
3/09/2017 19:30,15.1
3/09/2017 19:45,15.1
3/09/2017 20:00,15.1
3/09/2017 20:15,15
3/09/2017 20:30,14.9
3/09/2017 20:45,14.9
3/09/2017 21:00,14.8
3/09/2017 21:15,14.7
3/09/2017 21:30,14.6
3/09/2017 21:45,14.5
3/09/2017 22:00,14.5
3/09/2017 22:15,14.4
3/09/2017 22:30,14.3
3/09/2017 22:45,14.3
3/09/2017 23:00,14.2
3/09/2017 23:15,14.2
3/09/2017 23:30,14.2
3/09/2017 23:45,14.2
4/09/2017 0:00,14.1
4/09/2017 0:15,14.1
4/09/2017 0:30,14
4/09/2017 0:45,13.9
4/09/2017 1:00,13.8
4/09/2017 1:15,13.8
4/09/2017 1:30,13.7
4/09/2017 1:45,13.7
4/09/2017 2:00,13.6
4/09/2017 2:15,13.5
4/09/2017 2:30,13.5
4/09/2017 2:45,13.4
4/09/2017 3:00,13.3
4/09/2017 3:15,13.3
4/09/2017 3:30,13.3
4/09/2017 3:45,13.3
4/09/2017 4:00,13.2
4/09/2017 4:15,13.1
4/09/2017 4:30,12.9
4/09/2017 4:45,12.8
4/09/2017 5:00,12.9
4/09/2017 5:15,12.7
4/09/2017 5:30,12.7
4/09/2017 5:45,12.6
4/09/2017 6:00,12.5
4/09/2017 6:15,12.4
4/09/2017 6:30,12.3
4/09/2017 6:45,12.2
4/09/2017 7:00,12.1
4/09/2017 7:15,12.1
4/09/2017 7:30,11.8
4/09/2017 7:45,11.6
4/09/2017 8:00,11.6
4/09/2017 8:15,14.2
4/09/2017 8:30,17.2
4/09/2017 8:45,18.2
4/09/2017 9:00,19
4/09/2017 9:15,19.4
4/09/2017 9:30,19.8
4/09/2017 9:45,19.9
4/09/2017 10:00,19.9
4/09/2017 10:15,20.8
4/09/2017 10:30,21
4/09/2017 10:45,20.7
4/09/2017 11:00,20.9
4/09/2017 11:15,21
4/09/2017 11:30,21.1
4/09/2017 11:45,20.5
4/09/2017 12:00,20.7
4/09/2017 12:15,20.8
4/09/2017 12:30,20.6
4/09/2017 12:45,21.1
4/09/2017 13:00,21.2
4/09/2017 13:15,20.7
4/09/2017 13:30,21
4/09/2017 13:45,20.7
4/09/2017 14:00,20.8
4/09/2017 14:15,21
4/09/2017 14:30,20.9
4/09/2017 14:45,21.1
4/09/2017 15:00,20.4
4/09/2017 15:15,20.8
4/09/2017 15:30,20.1
4/09/2017 15:45,21.1
4/09/2017 16:00,20
4/09/2017 16:15,21.2
4/09/2017 16:30,20.4
4/09/2017 16:45,21.1
4/09/2017 17:00,20.6
4/09/2017 17:15,20.7
4/09/2017 17:30,20.5
4/09/2017 17:45,20.8
4/09/2017 18:00,19.8
4/09/2017 18:15,21.1
4/09/2017 18:30,20.5
4/09/2017 18:45,20.7
4/09/2017 19:00,21
4/09/2017 19:15,20.8
4/09/2017 19:30,20.2
4/09/2017 19:45,20.6
4/09/2017 20:00,21.1
4/09/2017 20:15,19.8
4/09/2017 20:30,21
4/09/2017 20:45,17.3
4/09/2017 21:00,14.8
4/09/2017 21:15,13.6
4/09/2017 21:30,12.8
4/09/2017 21:45,12.5
4/09/2017 22:00,12
4/09/2017 22:15,11.8
4/09/2017 22:30,11.7
4/09/2017 22:45,11.6
4/09/2017 23:00,11.5
4/09/2017 23:15,11.6
4/09/2017 23:30,11.5
4/09/2017 23:45,11.5
5/09/2017 0:00,11.4
5/09/2017 0:15,11.3
5/09/2017 0:30,11.2
5/09/2017 0:45,11.2
5/09/2017 1:00,11
5/09/2017 1:15,11
5/09/2017 1:30,11
5/09/2017 1:45,10.9
5/09/2017 2:00,10.8
5/09/2017 2:15,10.8
5/09/2017 2:30,10.7
5/09/2017 2:45,10.7
5/09/2017 3:00,10.7
5/09/2017 3:15,10.7
5/09/2017 3:30,10.7
5/09/2017 3:45,10.7
5/09/2017 4:00,10.6
5/09/2017 4:15,10.6
5/09/2017 4:30,10.6
5/09/2017 4:45,10.5
5/09/2017 5:00,10.4
5/09/2017 5:15,10.4
5/09/2017 5:30,10.3
5/09/2017 5:45,10.2
5/09/2017 6:00,10.3
5/09/2017 6:15,10.2
5/09/2017 6:30,10.2
5/09/2017 6:45,10.2
5/09/2017 7:00,10.2
5/09/2017 7:15,10.2
5/09/2017 7:30,10.2
5/09/2017 7:45,10.3
5/09/2017 8:00,10.3
5/09/2017 8:15,15
5/09/2017 8:30,17.4
5/09/2017 8:45,18.1
5/09/2017 9:00,18.4
5/09/2017 9:15,18.7
5/09/2017 9:30,19.2
5/09/2017 9:45,19.7
5/09/2017 10:00,19.9
5/09/2017 10:15,20.2
5/09/2017 10:30,20.5
5/09/2017 10:45,20.9
5/09/2017 11:00,18.4
5/09/2017 11:15,19.6
5/09/2017 11:30,20.4
5/09/2017 11:45,20.5
5/09/2017 12:00,20.7
5/09/2017 12:15,20.8
5/09/2017 12:30,21
5/09/2017 12:45,21
5/09/2017 13:00,20.8
5/09/2017 13:15,20.8
5/09/2017 13:30,20.6
5/09/2017 13:45,20.9
5/09/2017 14:00,20.6
5/09/2017 14:15,21.2
5/09/2017 14:30,21
5/09/2017 14:45,20.9
5/09/2017 15:00,21
5/09/2017 15:15,20.8
5/09/2017 15:30,20.9
5/09/2017 15:45,21
5/09/2017 16:00,20.9
5/09/2017 16:15,21
5/09/2017 16:30,21.1
5/09/2017 16:45,20.8
5/09/2017 17:00,21.1
5/09/2017 17:15,20.8
5/09/2017 17:30,21
5/09/2017 17:45,17.4
5/09/2017 18:00,14.8
5/09/2017 18:15,13.3
5/09/2017 18:30,12.6
5/09/2017 18:45,12
5/09/2017 19:00,11.7
5/09/2017 19:15,11.5
5/09/2017 19:30,11.2
5/09/2017 19:45,10.9
5/09/2017 20:00,10.8
5/09/2017 20:15,10.7
5/09/2017 20:30,10.8
5/09/2017 20:45,10.7
5/09/2017 21:00,10.7
5/09/2017 21:15,10.7
5/09/2017 21:30,10.6
5/09/2017 21:45,10.4
5/09/2017 22:00,10.3
5/09/2017 22:15,10.3
5/09/2017 22:30,10.2
5/09/2017 22:45,10.2
5/09/2017 23:00,10.1
5/09/2017 23:15,10.1
5/09/2017 23:30,10.1
5/09/2017 23:45,10.1
6/09/2017 0:00,10.1
6/09/2017 0:15,10.1
6/09/2017 0:30,10.1
6/09/2017 0:45,10
6/09/2017 1:00,10
6/09/2017 1:15,9.9
6/09/2017 1:30,10.1
6/09/2017 1:45,10.1
6/09/2017 2:00,10.1
6/09/2017 2:15,10.1
6/09/2017 2:30,10.1
6/09/2017 2:45,10.1
6/09/2017 3:00,10.1
6/09/2017 3:15,10.1
6/09/2017 3:30,10.1
6/09/2017 3:45,10.2
6/09/2017 4:00,10.2
6/09/2017 4:15,10.2
6/09/2017 4:30,10.2
6/09/2017 4:45,10.3
6/09/2017 5:00,10.4
6/09/2017 5:15,10.3
6/09/2017 5:30,10.4
6/09/2017 5:45,10.4
6/09/2017 6:00,10.4
6/09/2017 6:15,13.7
6/09/2017 6:30,16
6/09/2017 6:45,17
6/09/2017 7:00,17.7
6/09/2017 7:15,18.3
6/09/2017 7:30,18.5
6/09/2017 7:45,19
6/09/2017 8:00,19.2
6/09/2017 8:15,19.5
6/09/2017 8:30,20
6/09/2017 8:45,20.2
6/09/2017 9:00,20.5
6/09/2017 9:15,20.8
6/09/2017 9:30,21.1
6/09/2017 9:45,21.1
6/09/2017 10:00,20.7
6/09/2017 10:15,21.2
6/09/2017 10:30,21.1
6/09/2017 10:45,20.8
6/09/2017 11:00,20.8
6/09/2017 11:15,21
6/09/2017 11:30,20.8
6/09/2017 11:45,20.7
6/09/2017 12:00,20.9
6/09/2017 12:15,20.8
6/09/2017 12:30,21.2
6/09/2017 12:45,21.2
6/09/2017 13:00,20.9
6/09/2017 13:15,20.8
6/09/2017 13:30,21.2
6/09/2017 13:45,21.1
6/09/2017 14:00,20.6
6/09/2017 14:15,20.9
6/09/2017 14:30,20.9
6/09/2017 14:45,20.7
6/09/2017 15:00,21.2
6/09/2017 15:15,21.2
6/09/2017 15:30,21.2
6/09/2017 15:45,21.2
6/09/2017 16:00,21.1
6/09/2017 16:15,21.2
6/09/2017 16:30,20.9
6/09/2017 16:45,20.7
6/09/2017 17:00,21.1
6/09/2017 17:15,21.2
6/09/2017 17:30,20.9
6/09/2017 17:45,20.7
6/09/2017 18:00,20.7
6/09/2017 18:15,21.1
6/09/2017 18:30,20.8
6/09/2017 18:45,21.2
6/09/2017 19:00,20.9
6/09/2017 19:15,20.9
6/09/2017 19:30,21.2
6/09/2017 19:45,20.7
6/09/2017 20:00,21.2
6/09/2017 20:15,18.4
6/09/2017 20:30,16.6
6/09/2017 20:45,15.6
6/09/2017 21:00,14.8
6/09/2017 21:15,14.4
6/09/2017 21:30,14.1
6/09/2017 21:45,13.9
6/09/2017 22:00,13.7
6/09/2017 22:15,13.5
6/09/2017 22:30,13.3
6/09/2017 22:45,13.3
6/09/2017 23:00,13.1
6/09/2017 23:15,13
6/09/2017 23:30,12.9
6/09/2017 23:45,12.8
7/09/2017 0:00,12.7
7/09/2017 0:15,12.6
7/09/2017 0:30,12.5
7/09/2017 0:45,12.5
7/09/2017 1:00,12.4
7/09/2017 1:15,12.3
7/09/2017 1:30,12.2
7/09/2017 1:45,12.2
7/09/2017 2:00,12.1
7/09/2017 2:15,12
7/09/2017 2:30,12
7/09/2017 2:45,11.9
7/09/2017 3:00,11.8
7/09/2017 3:15,11.8
7/09/2017 3:30,11.8
7/09/2017 3:45,11.8
7/09/2017 4:00,11.9
7/09/2017 4:15,11.9
7/09/2017 4:30,12
7/09/2017 4:45,12
7/09/2017 5:00,11.9
7/09/2017 5:15,11.9
7/09/2017 5:30,11.8
7/09/2017 5:45,11.7
7/09/2017 6:00,11.7
7/09/2017 6:15,11.8
7/09/2017 6:30,11.8
7/09/2017 6:45,11.8
7/09/2017 7:00,11.8
7/09/2017 7:15,11.7
7/09/2017 7:30,11.7
7/09/2017 7:45,11.8
7/09/2017 8:00,11.9
7/09/2017 8:15,14.8
7/09/2017 8:30,18
7/09/2017 8:45,19.2
7/09/2017 9:00,19.8
7/09/2017 9:15,20.3
7/09/2017 9:30,20.5
7/09/2017 9:45,21.1
7/09/2017 10:00,20.7
7/09/2017 10:15,20.8
7/09/2017 10:30,20.1
7/09/2017 10:45,20.8
7/09/2017 11:00,20.8
7/09/2017 11:15,20.5
7/09/2017 11:30,20.8
7/09/2017 11:45,20.9
7/09/2017 12:00,21
7/09/2017 12:15,21
7/09/2017 12:30,20.8
7/09/2017 12:45,20.6
7/09/2017 13:00,20.7
7/09/2017 13:15,21
7/09/2017 13:30,20.8
7/09/2017 13:45,20.8
7/09/2017 14:00,21.3
7/09/2017 14:15,21
7/09/2017 14:30,20.8
7/09/2017 14:45,20.8
7/09/2017 15:00,20.7
7/09/2017 15:15,20.9
7/09/2017 15:30,21.2
7/09/2017 15:45,21
7/09/2017 16:00,21.2
7/09/2017 16:15,21.2
7/09/2017 16:30,21.3
7/09/2017 16:45,21.1
7/09/2017 17:00,20.9
7/09/2017 17:15,20.8
7/09/2017 17:30,20.5
7/09/2017 17:45,20.9
7/09/2017 18:00,20.8
7/09/2017 18:15,21.2
7/09/2017 18:30,20.9
7/09/2017 18:45,20.5
7/09/2017 19:00,20.8
7/09/2017 19:15,21.1
7/09/2017 19:30,20.8
7/09/2017 19:45,20.4
7/09/2017 20:00,20.9
7/09/2017 20:15,21.2
7/09/2017 20:30,20.6
7/09/2017 20:45,20.5
7/09/2017 21:00,20.7
7/09/2017 21:15,21
7/09/2017 21:30,20.2
7/09/2017 21:45,20.8
7/09/2017 22:00,21.2
7/09/2017 22:15,20.5
7/09/2017 22:30,20.6
7/09/2017 22:45,21.2
7/09/2017 23:00,20.5
7/09/2017 23:15,20.5
7/09/2017 23:30,21.2
7/09/2017 23:45,18
8/09/2017 0:00,15.9
8/09/2017 0:15,14.8
8/09/2017 0:30,14.1
8/09/2017 0:45,13.7
8/09/2017 1:00,13.4
8/09/2017 1:15,13.3
8/09/2017 1:30,13
8/09/2017 1:45,12.9
8/09/2017 2:00,12.8
8/09/2017 2:15,12.7
8/09/2017 2:30,12.7
8/09/2017 2:45,12.5
8/09/2017 3:00,12.5
8/09/2017 3:15,12.4
8/09/2017 3:30,12.3
8/09/2017 3:45,12.2
8/09/2017 4:00,12.2
8/09/2017 4:15,12.1
8/09/2017 4:30,12
8/09/2017 4:45,11.9
8/09/2017 5:00,11.8
8/09/2017 5:15,11.8
8/09/2017 5:30,11.7
8/09/2017 5:45,11.6
8/09/2017 6:00,11.6
8/09/2017 6:15,11.6
8/09/2017 6:30,11.5
8/09/2017 6:45,11.4
8/09/2017 7:00,11.3
8/09/2017 7:15,11.3
8/09/2017 7:30,11.4
8/09/2017 7:45,11.3
8/09/2017 8:00,11.4
8/09/2017 8:15,14.4
8/09/2017 8:30,17.1
8/09/2017 8:45,18.3
8/09/2017 9:00,18.9
8/09/2017 9:15,19.1
8/09/2017 9:30,19.7
8/09/2017 9:45,20
8/09/2017 10:00,20.1
8/09/2017 10:15,20.5
8/09/2017 10:30,21
8/09/2017 10:45,21.1
8/09/2017 11:00,21.1
8/09/2017 11:15,21
8/09/2017 11:30,20.6
8/09/2017 11:45,20.9
8/09/2017 12:00,20.3
8/09/2017 12:15,20.8
8/09/2017 12:30,20.8
8/09/2017 12:45,20.4
8/09/2017 13:00,20.7
8/09/2017 13:15,20.9
8/09/2017 13:30,21
8/09/2017 13:45,21.1
8/09/2017 14:00,20.5
8/09/2017 14:15,20.6
8/09/2017 14:30,21
8/09/2017 14:45,20.9
8/09/2017 15:00,20.8
8/09/2017 15:15,21.2
8/09/2017 15:30,21.1
8/09/2017 15:45,20.4
8/09/2017 16:00,20.5
8/09/2017 16:15,20.8
8/09/2017 16:30,21
8/09/2017 16:45,21.1
8/09/2017 17:00,20.7
8/09/2017 17:15,20.8
8/09/2017 17:30,21.1
8/09/2017 17:45,20.1
8/09/2017 18:00,20.8
8/09/2017 18:15,21.1
8/09/2017 18:30,20.3
8/09/2017 18:45,20.8
8/09/2017 19:00,21.1
8/09/2017 19:15,20.3
8/09/2017 19:30,20.6
8/09/2017 19:45,21.2
8/09/2017 20:00,20.4
8/09/2017 20:15,20.5
8/09/2017 20:30,21.2
8/09/2017 20:45,20.3
8/09/2017 21:00,20.6
8/09/2017 21:15,21.1
8/09/2017 21:30,20.3
8/09/2017 21:45,20.6
8/09/2017 22:00,20.9
8/09/2017 22:15,20.7
8/09/2017 22:30,20.6
8/09/2017 22:45,21
8/09/2017 23:00,20.3
8/09/2017 23:15,21
8/09/2017 23:30,19.9
8/09/2017 23:45,17.4
9/09/2017 0:00,15.5
9/09/2017 0:15,14.1
9/09/2017 0:30,13.5
9/09/2017 0:45,13.1
9/09/2017 1:00,12.7
9/09/2017 1:15,12.5
9/09/2017 1:30,12.4
9/09/2017 1:45,12.2
9/09/2017 2:00,12.1
9/09/2017 2:15,11.9
9/09/2017 2:30,11.8
9/09/2017 2:45,11.8
9/09/2017 3:00,11.6
9/09/2017 3:15,11.6
9/09/2017 3:30,11.6
9/09/2017 3:45,11.4
9/09/2017 4:00,11.3
9/09/2017 4:15,11.3
9/09/2017 4:30,11.3
9/09/2017 4:45,11.2
9/09/2017 5:00,11
9/09/2017 5:15,10.9
9/09/2017 5:30,10.9
9/09/2017 5:45,10.8
9/09/2017 6:00,10.8
9/09/2017 6:15,10.8
9/09/2017 6:30,10.8
9/09/2017 6:45,10.8
9/09/2017 7:00,10.9
9/09/2017 7:15,11
9/09/2017 7:30,11
9/09/2017 7:45,11
9/09/2017 8:00,11
9/09/2017 8:15,15.6
9/09/2017 8:30,17.8
9/09/2017 8:45,18.7
9/09/2017 9:00,19.5
9/09/2017 9:15,20.3
9/09/2017 9:30,19.8
9/09/2017 9:45,19.8
9/09/2017 10:00,19.9
9/09/2017 10:15,20.3
9/09/2017 10:30,20.5
9/09/2017 10:45,20.6
9/09/2017 11:00,20.9
9/09/2017 11:15,20.9
9/09/2017 11:30,21
9/09/2017 11:45,20.9
9/09/2017 12:00,21
9/09/2017 12:15,21.1
9/09/2017 12:30,20.7
9/09/2017 12:45,20.8
9/09/2017 13:00,21.1
9/09/2017 13:15,21.1
9/09/2017 13:30,20.8
9/09/2017 13:45,21.2
9/09/2017 14:00,21.2
9/09/2017 14:15,20.9
9/09/2017 14:30,21.3
9/09/2017 14:45,20.7
9/09/2017 15:00,21.1
9/09/2017 15:15,20.9
9/09/2017 15:30,21.2
9/09/2017 15:45,20.8
9/09/2017 16:00,21.2
9/09/2017 16:15,20.9
9/09/2017 16:30,21.2
9/09/2017 16:45,21
9/09/2017 17:00,20.8
9/09/2017 17:15,21.2
9/09/2017 17:30,20.9
9/09/2017 17:45,19.2
9/09/2017 18:00,17.8
9/09/2017 18:15,16.9
9/09/2017 18:30,16.2
9/09/2017 18:45,15.8
9/09/2017 19:00,15.5
9/09/2017 19:15,15.2
9/09/2017 19:30,15
9/09/2017 19:45,14.8
9/09/2017 20:00,14.8
9/09/2017 20:15,14.5
9/09/2017 20:30,14.4
9/09/2017 20:45,14.3
9/09/2017 21:00,14.2
9/09/2017 21:15,14.1
9/09/2017 21:30,14.1
9/09/2017 21:45,14.1
9/09/2017 22:00,14
9/09/2017 22:15,13.9
9/09/2017 22:30,13.8
9/09/2017 22:45,13.7
9/09/2017 23:00,13.4
9/09/2017 23:15,13.3
9/09/2017 23:30,13.2
9/09/2017 23:45,13.1
10/09/2017 0:00,13
10/09/2017 0:15,12.9
10/09/2017 0:30,12.8
10/09/2017 0:45,12.6
10/09/2017 1:00,12.5
10/09/2017 1:15,12.4
10/09/2017 1:30,12.3
10/09/2017 1:45,12.2
10/09/2017 2:00,12.1
10/09/2017 2:15,12
10/09/2017 2:30,11.9
10/09/2017 2:45,11.8
10/09/2017 3:00,11.6
10/09/2017 3:15,11.6
10/09/2017 3:30,11.6
10/09/2017 3:45,11.6
10/09/2017 4:00,11.5
10/09/2017 4:15,11.5
10/09/2017 4:30,11.4
10/09/2017 4:45,11.3
10/09/2017 5:00,11.3
10/09/2017 5:15,11.2
10/09/2017 5:30,11.1
10/09/2017 5:45,11.1
10/09/2017 6:00,11
10/09/2017 6:15,10.9
10/09/2017 6:30,11
10/09/2017 6:45,10.9
10/09/2017 7:00,10.9
10/09/2017 7:15,11
10/09/2017 7:30,11
10/09/2017 7:45,11.2
10/09/2017 8:00,11.3
10/09/2017 8:15,11.3
10/09/2017 8:30,11.4
10/09/2017 8:45,11.4
10/09/2017 9:00,11.6
10/09/2017 9:15,11.6
10/09/2017 9:30,11.6
10/09/2017 9:45,11.8
10/09/2017 10:00,11.9
10/09/2017 10:15,12.1
10/09/2017 10:30,12.1
10/09/2017 10:45,12.2
10/09/2017 11:00,12.3
10/09/2017 11:15,12.3
10/09/2017 11:30,12.5
10/09/2017 11:45,12.5
10/09/2017 12:00,12.5
10/09/2017 12:15,12.6
10/09/2017 12:30,12.8
10/09/2017 12:45,12.9
10/09/2017 13:00,13
10/09/2017 13:15,13
10/09/2017 13:30,13.1
10/09/2017 13:45,13.2
10/09/2017 14:00,13.3
10/09/2017 14:15,13.3
10/09/2017 14:30,13.4
10/09/2017 14:45,13.5
10/09/2017 15:00,13.7
10/09/2017 15:15,13.8
10/09/2017 15:30,13.9
10/09/2017 15:45,13.9
10/09/2017 16:00,14.1
10/09/2017 16:15,14.1
10/09/2017 16:30,14.1
10/09/2017 16:45,14.1
10/09/2017 17:00,14.2
10/09/2017 17:15,14.2
10/09/2017 17:30,14.2
10/09/2017 17:45,14.2
10/09/2017 18:00,14.1
10/09/2017 18:15,14.1
10/09/2017 18:30,14.1
10/09/2017 18:45,14
10/09/2017 19:00,13.9
10/09/2017 19:15,13.8
10/09/2017 19:30,13.7
10/09/2017 19:45,13.6
10/09/2017 20:00,13.4
10/09/2017 20:15,13.3
10/09/2017 20:30,13.3
10/09/2017 20:45,13.3
10/09/2017 21:00,13.3
10/09/2017 21:15,13.3
10/09/2017 21:30,13.2
10/09/2017 21:45,13.1
10/09/2017 22:00,13
10/09/2017 22:15,13
10/09/2017 22:30,12.9
10/09/2017 22:45,12.9
10/09/2017 23:00,12.8
10/09/2017 23:15,12.7
10/09/2017 23:30,12.7
10/09/2017 23:45,12.7
11/09/2017 0:00,12.7
11/09/2017 0:15,12.6
11/09/2017 0:30,12.6
11/09/2017 0:45,12.5
11/09/2017 1:00,12.5
11/09/2017 1:15,12.5
11/09/2017 1:30,12.5
11/09/2017 1:45,12.5
11/09/2017 2:00,12.6
11/09/2017 2:15,12.6
11/09/2017 2:30,12.6
11/09/2017 2:45,12.6
11/09/2017 3:00,12.6
11/09/2017 3:15,12.7
11/09/2017 3:30,12.7
11/09/2017 3:45,12.7
11/09/2017 4:00,12.7
11/09/2017 4:15,12.8
11/09/2017 4:30,12.7
11/09/2017 4:45,12.8
11/09/2017 5:00,12.8
11/09/2017 5:15,12.8
11/09/2017 5:30,12.9
11/09/2017 5:45,12.9
11/09/2017 6:00,12.9
11/09/2017 6:15,12.9
11/09/2017 6:30,13
11/09/2017 6:45,13
11/09/2017 7:00,13.1
11/09/2017 7:15,13.1
11/09/2017 7:30,13.1
11/09/2017 7:45,13.2
11/09/2017 8:00,13.2
11/09/2017 8:15,14.6
11/09/2017 8:30,17.7
11/09/2017 8:45,18.9
11/09/2017 9:00,19.8
11/09/2017 9:15,20.4
11/09/2017 9:30,20.9
11/09/2017 9:45,21.2
11/09/2017 10:00,20.2
11/09/2017 10:15,20.7
11/09/2017 10:30,21.1
11/09/2017 10:45,20.8
11/09/2017 11:00,21.2
11/09/2017 11:15,21.2
11/09/2017 11:30,21.1
11/09/2017 11:45,21
11/09/2017 12:00,20.8
11/09/2017 12:15,20.8
11/09/2017 12:30,21
11/09/2017 12:45,21
11/09/2017 13:00,20.9
11/09/2017 13:15,21.2
11/09/2017 13:30,21.2
11/09/2017 13:45,20.6
11/09/2017 14:00,21.1
11/09/2017 14:15,21.3
11/09/2017 14:30,21.1
11/09/2017 14:45,20.8
11/09/2017 15:00,20.9
11/09/2017 15:15,21
11/09/2017 15:30,21
11/09/2017 15:45,20.9
11/09/2017 16:00,21.2
11/09/2017 16:15,21.2
11/09/2017 16:30,20.9
11/09/2017 16:45,20.9
11/09/2017 17:00,21
11/09/2017 17:15,21.1
11/09/2017 17:30,21.1
11/09/2017 17:45,20.9
11/09/2017 18:00,20.8
11/09/2017 18:15,21
11/09/2017 18:30,21.2
11/09/2017 18:45,20.7
11/09/2017 19:00,21
11/09/2017 19:15,20.8
11/09/2017 19:30,21.2
11/09/2017 19:45,21.2
11/09/2017 20:00,20.9
11/09/2017 20:15,21
11/09/2017 20:30,21.1
11/09/2017 20:45,19.8
11/09/2017 21:00,18.9
11/09/2017 21:15,18.4
11/09/2017 21:30,17.9
11/09/2017 21:45,17.7
11/09/2017 22:00,17.5
11/09/2017 22:15,17.4
11/09/2017 22:30,17.2
11/09/2017 22:45,17.1
11/09/2017 23:00,17
11/09/2017 23:15,16.9
11/09/2017 23:30,16.7
11/09/2017 23:45,16.5
12/09/2017 0:00,16.3
12/09/2017 0:15,16.3
12/09/2017 0:30,16.3
12/09/2017 0:45,16.2
12/09/2017 1:00,16.1
12/09/2017 1:15,16.1
12/09/2017 1:30,16
12/09/2017 1:45,16
12/09/2017 2:00,16
12/09/2017 2:15,15.9
12/09/2017 2:30,15.9
12/09/2017 2:45,15.8
12/09/2017 3:00,15.6
12/09/2017 3:15,15.6
12/09/2017 3:30,15.5
12/09/2017 3:45,15.4
12/09/2017 4:00,15.4
12/09/2017 4:15,15.3
12/09/2017 4:30,15.2
12/09/2017 4:45,15.1
12/09/2017 5:00,15
12/09/2017 5:15,15
12/09/2017 5:30,15
12/09/2017 5:45,15
12/09/2017 6:00,14.9
12/09/2017 6:15,14.9
12/09/2017 6:30,14.8
12/09/2017 6:45,14.8
12/09/2017 7:00,14.8
12/09/2017 7:15,14.7
12/09/2017 7:30,14.7
12/09/2017 7:45,14.7
12/09/2017 8:00,14.6
12/09/2017 8:15,17.2
12/09/2017 8:30,20.2
12/09/2017 8:45,20.6
12/09/2017 9:00,20.8
12/09/2017 9:15,20.9
12/09/2017 9:30,21
12/09/2017 9:45,20.5
12/09/2017 10:00,20.8
12/09/2017 10:15,21.1
12/09/2017 10:30,20.7
12/09/2017 10:45,20.5
12/09/2017 11:00,20.3
12/09/2017 11:15,20.8
12/09/2017 11:30,21.2
12/09/2017 11:45,20.7
12/09/2017 12:00,20.7
12/09/2017 12:15,20.9
12/09/2017 12:30,21.3
12/09/2017 12:45,21
12/09/2017 13:00,20.8
12/09/2017 13:15,21
12/09/2017 13:30,21.2
12/09/2017 13:45,21.2
12/09/2017 14:00,20.8
12/09/2017 14:15,20.8
12/09/2017 14:30,21.1
12/09/2017 14:45,20.8
12/09/2017 15:00,21.1
12/09/2017 15:15,21.2
12/09/2017 15:30,20.9
12/09/2017 15:45,21.1
12/09/2017 16:00,21
12/09/2017 16:15,21
12/09/2017 16:30,20.9
12/09/2017 16:45,20.9
12/09/2017 17:00,20.8
12/09/2017 17:15,21.3
12/09/2017 17:30,21.2
12/09/2017 17:45,19.6
12/09/2017 18:00,18.4
12/09/2017 18:15,17.8
12/09/2017 18:30,17.4
12/09/2017 18:45,17.1
12/09/2017 19:00,17
12/09/2017 19:15,16.9
12/09/2017 19:30,16.7
12/09/2017 19:45,16.6
12/09/2017 20:00,16.5
12/09/2017 20:15,16.4
12/09/2017 20:30,16.3
12/09/2017 20:45,16.2
12/09/2017 21:00,16.1
12/09/2017 21:15,16
12/09/2017 21:30,16
12/09/2017 21:45,15.9
12/09/2017 22:00,15.9
12/09/2017 22:15,15.9
12/09/2017 22:30,15.9
12/09/2017 22:45,15.9
12/09/2017 23:00,15.9
12/09/2017 23:15,15.9
12/09/2017 23:30,15.8
12/09/2017 23:45,15.8
13/09/2017 0:00,15.7
13/09/2017 0:15,15.7
13/09/2017 0:30,15.7
13/09/2017 0:45,15.6
13/09/2017 1:00,15.6
13/09/2017 1:15,15.6
13/09/2017 1:30,15.6
13/09/2017 1:45,15.6
13/09/2017 2:00,15.5
13/09/2017 2:15,15.5
13/09/2017 2:30,15.4
13/09/2017 2:45,15.4
13/09/2017 3:00,15.4
13/09/2017 3:15,15.3
13/09/2017 3:30,15.3
13/09/2017 3:45,15.2
13/09/2017 4:00,15.2
13/09/2017 4:15,15.2
13/09/2017 4:30,15.2
13/09/2017 4:45,15.2
13/09/2017 5:00,15.2
13/09/2017 5:15,15.2
13/09/2017 5:30,15.2
13/09/2017 5:45,15.1
13/09/2017 6:00,14.8
13/09/2017 6:15,17.5
13/09/2017 6:30,19.8
13/09/2017 6:45,20.5
13/09/2017 7:00,20.8
13/09/2017 7:15,20.9
13/09/2017 7:30,21
13/09/2017 7:45,20.9
13/09/2017 8:00,21.1
13/09/2017 8:15,20.7
13/09/2017 8:30,21.2
13/09/2017 8:45,21.2
13/09/2017 9:00,21
13/09/2017 9:15,21.2
13/09/2017 9:30,20.8
13/09/2017 9:45,21
13/09/2017 10:00,21
13/09/2017 10:15,20.8
13/09/2017 10:30,21.1
13/09/2017 10:45,20.9
13/09/2017 11:00,20.9
13/09/2017 11:15,21.2
13/09/2017 11:30,20.9
13/09/2017 11:45,21
13/09/2017 12:00,21.2
13/09/2017 12:15,21.2
13/09/2017 12:30,21.2
13/09/2017 12:45,21.1
13/09/2017 13:00,21.1
13/09/2017 13:15,21
13/09/2017 13:30,20.8
13/09/2017 13:45,21
13/09/2017 14:00,21.1
13/09/2017 14:15,21
13/09/2017 14:30,20.9
13/09/2017 14:45,21
13/09/2017 15:00,21.1
13/09/2017 15:15,21.1
13/09/2017 15:30,21
13/09/2017 15:45,21.1
13/09/2017 16:00,21
13/09/2017 16:15,21
13/09/2017 16:30,21.2
13/09/2017 16:45,21.2
13/09/2017 17:00,21.2
13/09/2017 17:15,21.1
13/09/2017 17:30,21.2
13/09/2017 17:45,20.9
13/09/2017 18:00,21.1
13/09/2017 18:15,21.1
13/09/2017 18:30,21
13/09/2017 18:45,20.9
13/09/2017 19:00,20.8
13/09/2017 19:15,20.7
13/09/2017 19:30,20.8
13/09/2017 19:45,21
13/09/2017 20:00,20.9
13/09/2017 20:15,17.9
13/09/2017 20:30,15.9
13/09/2017 20:45,14.8
13/09/2017 21:00,14.1
13/09/2017 21:15,13.7
13/09/2017 21:30,13.3
13/09/2017 21:45,13.2
13/09/2017 22:00,12.9
13/09/2017 22:15,12.7
13/09/2017 22:30,12.6
13/09/2017 22:45,12.5
13/09/2017 23:00,12.4
13/09/2017 23:15,12.2
13/09/2017 23:30,12
13/09/2017 23:45,11.9
14/09/2017 0:00,11.8
14/09/2017 0:15,11.7
14/09/2017 0:30,11.6
14/09/2017 0:45,11.6
14/09/2017 1:00,11.5
14/09/2017 1:15,11.4
14/09/2017 1:30,11.3
14/09/2017 1:45,11.2
14/09/2017 2:00,11.1
14/09/2017 2:15,11
14/09/2017 2:30,11
14/09/2017 2:45,10.9
14/09/2017 3:00,10.9
14/09/2017 3:15,10.7
14/09/2017 3:30,10.7
14/09/2017 3:45,10.6
14/09/2017 4:00,10.6
14/09/2017 4:15,10.5
14/09/2017 4:30,10.3
14/09/2017 4:45,10.4
14/09/2017 5:00,10.4
14/09/2017 5:15,10.3
14/09/2017 5:30,10.1
14/09/2017 5:45,10.1
14/09/2017 6:00,10.1
14/09/2017 6:15,10.1
14/09/2017 6:30,10.1
14/09/2017 6:45,10.1
14/09/2017 7:00,10
14/09/2017 7:15,10
14/09/2017 7:30,10.1
14/09/2017 7:45,10.1
14/09/2017 8:00,10.1
14/09/2017 8:15,15
14/09/2017 8:30,17.2
14/09/2017 8:45,18.4
14/09/2017 9:00,19
14/09/2017 9:15,19.4
14/09/2017 9:30,19.7
14/09/2017 9:45,20
14/09/2017 10:00,20.2
14/09/2017 10:15,20.4
14/09/2017 10:30,20.9
14/09/2017 10:45,21
14/09/2017 11:00,21.1
14/09/2017 11:15,21.1
14/09/2017 11:30,21.2
14/09/2017 11:45,20.9
14/09/2017 12:00,21
14/09/2017 12:15,21
14/09/2017 12:30,21.2
14/09/2017 12:45,21.2
14/09/2017 13:00,20.9
14/09/2017 13:15,21.2
14/09/2017 13:30,21.2
14/09/2017 13:45,21.2
14/09/2017 14:00,21.2
14/09/2017 14:15,21.2
14/09/2017 14:30,21.2
14/09/2017 14:45,21.2
14/09/2017 15:00,20.8
14/09/2017 15:15,21
14/09/2017 15:30,21.2
14/09/2017 15:45,20.9
14/09/2017 16:00,21
14/09/2017 16:15,21.2
14/09/2017 16:30,20.9
14/09/2017 16:45,20.7
14/09/2017 17:00,20.8
14/09/2017 17:15,21.2
14/09/2017 17:30,21.2
14/09/2017 17:45,20.8
14/09/2017 18:00,20.9
14/09/2017 18:15,20.7
14/09/2017 18:30,21.2
14/09/2017 18:45,20.8
14/09/2017 19:00,21.2
14/09/2017 19:15,20.8
14/09/2017 19:30,21.2
14/09/2017 19:45,20.9
14/09/2017 20:00,20.9
14/09/2017 20:15,21.1
14/09/2017 20:30,20.7
14/09/2017 20:45,21.2
14/09/2017 21:00,20.9
14/09/2017 21:15,20.9
14/09/2017 21:30,21.2
14/09/2017 21:45,20.7
14/09/2017 22:00,21.2
14/09/2017 22:15,21.1
14/09/2017 22:30,20.9
14/09/2017 22:45,21.3
14/09/2017 23:00,20.8
14/09/2017 23:15,21.2
14/09/2017 23:30,20.9
14/09/2017 23:45,18.9
15/09/2017 0:00,17.3
15/09/2017 0:15,16.3
15/09/2017 0:30,15.7
15/09/2017 0:45,15.3
15/09/2017 1:00,14.9
15/09/2017 1:15,14.8
15/09/2017 1:30,14.7
15/09/2017 1:45,14.5
15/09/2017 2:00,14.4
15/09/2017 2:15,14.2
15/09/2017 2:30,14.2
15/09/2017 2:45,14.1
15/09/2017 3:00,14.1
15/09/2017 3:15,14.1
15/09/2017 3:30,14
15/09/2017 3:45,14
15/09/2017 4:00,13.9
15/09/2017 4:15,13.9
15/09/2017 4:30,13.8
15/09/2017 4:45,13.8
15/09/2017 5:00,13.8
15/09/2017 5:15,13.7
15/09/2017 5:30,13.7
15/09/2017 5:45,13.7
15/09/2017 6:00,13.7
15/09/2017 6:15,13.7
15/09/2017 6:30,13.7
15/09/2017 6:45,13.8
15/09/2017 7:00,13.8
15/09/2017 7:15,13.9
15/09/2017 7:30,14
15/09/2017 7:45,14
15/09/2017 8:00,14
15/09/2017 8:15,16.5
15/09/2017 8:30,19.5
15/09/2017 8:45,20.3
15/09/2017 9:00,20.6
15/09/2017 9:15,21
15/09/2017 9:30,21
15/09/2017 9:45,19.9
15/09/2017 10:00,20.9
15/09/2017 10:15,21.2
15/09/2017 10:30,20.8
15/09/2017 10:45,20.5
15/09/2017 11:00,20.7
15/09/2017 11:15,21.1
15/09/2017 11:30,20.9
15/09/2017 11:45,20.9
15/09/2017 12:00,21.2
15/09/2017 12:15,21.3
15/09/2017 12:30,21.2
15/09/2017 12:45,20.7
15/09/2017 13:00,20.8
15/09/2017 13:15,20.9
15/09/2017 13:30,21
15/09/2017 13:45,21.1
15/09/2017 14:00,21.1
15/09/2017 14:15,21.2
15/09/2017 14:30,21
15/09/2017 14:45,20.9
15/09/2017 15:00,20.7
15/09/2017 15:15,21.2
15/09/2017 15:30,21.2
15/09/2017 15:45,21.2
15/09/2017 16:00,21
15/09/2017 16:15,20.9
15/09/2017 16:30,20.6
15/09/2017 16:45,21
15/09/2017 17:00,20.8
15/09/2017 17:15,21.3
15/09/2017 17:30,20.9
15/09/2017 17:45,20.6
15/09/2017 18:00,21
15/09/2017 18:15,20.8
15/09/2017 18:30,21.2
15/09/2017 18:45,21
15/09/2017 19:00,20.7
15/09/2017 19:15,21
15/09/2017 19:30,20.9
15/09/2017 19:45,21.1
15/09/2017 20:00,21.2
15/09/2017 20:15,20.7
15/09/2017 20:30,20.8
15/09/2017 20:45,20.9
15/09/2017 21:00,21.1
15/09/2017 21:15,21.2
15/09/2017 21:30,20.7
15/09/2017 21:45,20.8
15/09/2017 22:00,20.8
15/09/2017 22:15,21.2
15/09/2017 22:30,21
15/09/2017 22:45,20.6
15/09/2017 23:00,20.9
15/09/2017 23:15,20.8
15/09/2017 23:30,21.3
15/09/2017 23:45,19
16/09/2017 0:00,17.3
16/09/2017 0:15,16.4
16/09/2017 0:30,15.9
16/09/2017 0:45,15.6
16/09/2017 1:00,15.2
16/09/2017 1:15,14.9
16/09/2017 1:30,14.8
16/09/2017 1:45,14.6
16/09/2017 2:00,14.5
16/09/2017 2:15,14.3
16/09/2017 2:30,14
16/09/2017 2:45,13.5
16/09/2017 3:00,13.3
16/09/2017 3:15,13.1
16/09/2017 3:30,12.8
16/09/2017 3:45,12.7
16/09/2017 4:00,12.7
16/09/2017 4:15,12.5
16/09/2017 4:30,12.4
16/09/2017 4:45,12.4
16/09/2017 5:00,12.3
16/09/2017 5:15,12.2
16/09/2017 5:30,12.1
16/09/2017 5:45,12
16/09/2017 6:00,11.7
16/09/2017 6:15,11.6
16/09/2017 6:30,11.6
16/09/2017 6:45,11.5
16/09/2017 7:00,11.6
16/09/2017 7:15,11.6
16/09/2017 7:30,11.6
16/09/2017 7:45,11.6
16/09/2017 8:00,11.8
16/09/2017 8:15,14.9
16/09/2017 8:30,17.7
16/09/2017 8:45,19
16/09/2017 9:00,19.5
16/09/2017 9:15,20.1
16/09/2017 9:30,20.5
16/09/2017 9:45,20.8
16/09/2017 10:00,20.7
16/09/2017 10:15,21
16/09/2017 10:30,19.9
16/09/2017 10:45,20.8
16/09/2017 11:00,20.6
16/09/2017 11:15,20.2
16/09/2017 11:30,20.9
16/09/2017 11:45,20.7
16/09/2017 12:00,20.4
16/09/2017 12:15,20.7
16/09/2017 12:30,21
16/09/2017 12:45,20.3
16/09/2017 13:00,20.8
16/09/2017 13:15,21.2
16/09/2017 13:30,20.7
16/09/2017 13:45,20.5
16/09/2017 14:00,20.8
16/09/2017 14:15,21.2
16/09/2017 14:30,20.7
16/09/2017 14:45,20.6
16/09/2017 15:00,20.8
16/09/2017 15:15,21.2
16/09/2017 15:30,20.9
16/09/2017 15:45,20.6
16/09/2017 16:00,20.9
16/09/2017 16:15,20.8
16/09/2017 16:30,21.2
16/09/2017 16:45,20.8
16/09/2017 17:00,20.7
16/09/2017 17:15,20.9
16/09/2017 17:30,21.1
16/09/2017 17:45,18.9
16/09/2017 18:00,17.2
16/09/2017 18:15,16.3
16/09/2017 18:30,15.6
16/09/2017 18:45,15.2
16/09/2017 19:00,14.8
16/09/2017 19:15,14.6
16/09/2017 19:30,14.3
16/09/2017 19:45,14.1
16/09/2017 20:00,14.1
16/09/2017 20:15,13.9
16/09/2017 20:30,13.7
16/09/2017 20:45,13.6
16/09/2017 21:00,13.4
16/09/2017 21:15,13.3
16/09/2017 21:30,13.3
16/09/2017 21:45,13.3
16/09/2017 22:00,13.1
16/09/2017 22:15,13.1
16/09/2017 22:30,13
16/09/2017 22:45,12.9
16/09/2017 23:00,12.8
16/09/2017 23:15,12.7
16/09/2017 23:30,12.6
16/09/2017 23:45,12.5
17/09/2017 0:00,12.5
17/09/2017 0:15,12.4
17/09/2017 0:30,12.3
17/09/2017 0:45,12.2
17/09/2017 1:00,12.1
17/09/2017 1:15,12
17/09/2017 1:30,11.8
17/09/2017 1:45,11.6
17/09/2017 2:00,11.6
17/09/2017 2:15,11.4
17/09/2017 2:30,11.2
17/09/2017 2:45,11.1
17/09/2017 3:00,11
17/09/2017 3:15,10.9
17/09/2017 3:30,10.8
17/09/2017 3:45,10.8
17/09/2017 4:00,10.7
17/09/2017 4:15,10.7
17/09/2017 4:30,10.6
17/09/2017 4:45,10.5
17/09/2017 5:00,10.5
17/09/2017 5:15,10.3
17/09/2017 5:30,10.1
17/09/2017 5:45,10
17/09/2017 6:00,9.8
17/09/2017 6:15,9.7
17/09/2017 6:30,9.7
17/09/2017 6:45,9.7
17/09/2017 7:00,9.7
17/09/2017 7:15,9.7
17/09/2017 7:30,9.8
17/09/2017 7:45,10
17/09/2017 8:00,10.2
17/09/2017 8:15,10.3
17/09/2017 8:30,10.5
17/09/2017 8:45,10.7
17/09/2017 9:00,10.9
17/09/2017 9:15,11.1
17/09/2017 9:30,11.3
17/09/2017 9:45,11.5
17/09/2017 10:00,11.6
17/09/2017 10:15,11.7
17/09/2017 10:30,12
17/09/2017 10:45,12.1
17/09/2017 11:00,12.3
17/09/2017 11:15,12.5
17/09/2017 11:30,12.6
17/09/2017 11:45,12.8
17/09/2017 12:00,13
17/09/2017 12:15,13.2
17/09/2017 12:30,13.3
17/09/2017 12:45,13.4
17/09/2017 13:00,13.5
17/09/2017 13:15,13.7
17/09/2017 13:30,13.8
17/09/2017 13:45,14
17/09/2017 14:00,14.1
17/09/2017 14:15,14.2
17/09/2017 14:30,14.3
17/09/2017 14:45,14.5
17/09/2017 15:00,14.5
17/09/2017 15:15,14.7
17/09/2017 15:30,14.8
17/09/2017 15:45,14.8
17/09/2017 16:00,14.8
17/09/2017 16:15,14.9
17/09/2017 16:30,15
17/09/2017 16:45,15.1
17/09/2017 17:00,15.1
17/09/2017 17:15,15.1
17/09/2017 17:30,15.1
17/09/2017 17:45,15.1
17/09/2017 18:00,15.1
17/09/2017 18:15,15.1
17/09/2017 18:30,15
17/09/2017 18:45,14.9
17/09/2017 19:00,14.8
17/09/2017 19:15,14.8
17/09/2017 19:30,14.6
17/09/2017 19:45,14.6
17/09/2017 20:00,14.5
17/09/2017 20:15,14.4
17/09/2017 20:30,14.3
17/09/2017 20:45,14.2
17/09/2017 21:00,14.1
17/09/2017 21:15,14.1
17/09/2017 21:30,14.1
17/09/2017 21:45,14
17/09/2017 22:00,13.9
17/09/2017 22:15,13.9
17/09/2017 22:30,13.8
17/09/2017 22:45,13.8
17/09/2017 23:00,13.7
17/09/2017 23:15,13.7
17/09/2017 23:30,13.7
17/09/2017 23:45,13.7
18/09/2017 0:00,13.7
18/09/2017 0:15,13.6
18/09/2017 0:30,13.6
18/09/2017 0:45,13.7
18/09/2017 1:00,13.6
18/09/2017 1:15,13.6
18/09/2017 1:30,13.6
18/09/2017 1:45,13.6
18/09/2017 2:00,13.5
18/09/2017 2:15,13.5
18/09/2017 2:30,13.4
18/09/2017 2:45,13.4
18/09/2017 3:00,13.3
18/09/2017 3:15,13.3
18/09/2017 3:30,13.3
18/09/2017 3:45,13.3
18/09/2017 4:00,13.3
18/09/2017 4:15,13.3
18/09/2017 4:30,13.3
18/09/2017 4:45,13.4
18/09/2017 5:00,13.5
18/09/2017 5:15,13.5
18/09/2017 5:30,13.5
18/09/2017 5:45,13.6
18/09/2017 6:00,13.6
18/09/2017 6:15,13.6
18/09/2017 6:30,13.6
18/09/2017 6:45,13.6
18/09/2017 7:00,13.6
18/09/2017 7:15,13.6
18/09/2017 7:30,13.7
18/09/2017 7:45,13.7
18/09/2017 8:00,13.8
18/09/2017 8:15,15.9
18/09/2017 8:30,18.6
18/09/2017 8:45,19.8
18/09/2017 9:00,20.5
18/09/2017 9:15,21.1
18/09/2017 9:30,20.8
18/09/2017 9:45,20.5
18/09/2017 10:00,20.7
18/09/2017 10:15,21.2
18/09/2017 10:30,20.9
18/09/2017 10:45,21.2
18/09/2017 11:00,21.1
18/09/2017 11:15,21.2
18/09/2017 11:30,21.1
18/09/2017 11:45,21.1
18/09/2017 12:00,21.1
18/09/2017 12:15,21
18/09/2017 12:30,21
18/09/2017 12:45,21
18/09/2017 13:00,21.1
18/09/2017 13:15,21.2
18/09/2017 13:30,21.3
18/09/2017 13:45,21.5
18/09/2017 14:00,20.8
18/09/2017 14:15,21.2
18/09/2017 14:30,21.3
18/09/2017 14:45,21.4
18/09/2017 15:00,21.2
18/09/2017 15:15,21.2
18/09/2017 15:30,21.1
18/09/2017 15:45,21
18/09/2017 16:00,21
18/09/2017 16:15,21.2
18/09/2017 16:30,21
18/09/2017 16:45,21
18/09/2017 17:00,21
18/09/2017 17:15,21
18/09/2017 17:30,20.9
18/09/2017 17:45,20.9
18/09/2017 18:00,20.7
18/09/2017 18:15,20.5
18/09/2017 18:30,20.2
18/09/2017 18:45,20.8
18/09/2017 19:00,20.9
18/09/2017 19:15,20.9
18/09/2017 19:30,20.9
18/09/2017 19:45,21
18/09/2017 20:00,20.8
18/09/2017 20:15,21.2
18/09/2017 20:30,20.9
18/09/2017 20:45,19.8
18/09/2017 21:00,18.7
18/09/2017 21:15,17.8
18/09/2017 21:30,17.3
18/09/2017 21:45,16.8
18/09/2017 22:00,16.4
18/09/2017 22:15,16.2
18/09/2017 22:30,15.9
18/09/2017 22:45,15.8
18/09/2017 23:00,15.6
18/09/2017 23:15,15.5
18/09/2017 23:30,15.3
18/09/2017 23:45,15.1
19/09/2017 0:00,14.9
19/09/2017 0:15,14.8
19/09/2017 0:30,14.7
19/09/2017 0:45,14.6
19/09/2017 1:00,14.5
19/09/2017 1:15,14.4
19/09/2017 1:30,14.2
19/09/2017 1:45,14.1
19/09/2017 2:00,14.1
19/09/2017 2:15,14
19/09/2017 2:30,13.9
19/09/2017 2:45,13.8
19/09/2017 3:00,13.7
19/09/2017 3:15,13.6
19/09/2017 3:30,13.4
19/09/2017 3:45,13.3
19/09/2017 4:00,13.3
19/09/2017 4:15,13
19/09/2017 4:30,12.9
19/09/2017 4:45,12.8
19/09/2017 5:00,12.7
19/09/2017 5:15,12.6
19/09/2017 5:30,12.4
19/09/2017 5:45,12.4
19/09/2017 6:00,12.3
19/09/2017 6:15,12.2
19/09/2017 6:30,12.2
19/09/2017 6:45,12.1
19/09/2017 7:00,12.1
19/09/2017 7:15,12.1
19/09/2017 7:30,12.1
19/09/2017 7:45,12.1
19/09/2017 8:00,12
19/09/2017 8:15,15.2
19/09/2017 8:30,18.4
19/09/2017 8:45,19.7
19/09/2017 9:00,20.2
19/09/2017 9:15,20.6
19/09/2017 9:30,20.8
19/09/2017 9:45,20.9
19/09/2017 10:00,20.3
19/09/2017 10:15,21.1
19/09/2017 10:30,20.6
19/09/2017 10:45,20.3
19/09/2017 11:00,21.1
19/09/2017 11:15,20.5
19/09/2017 11:30,20.4
19/09/2017 11:45,20.7
19/09/2017 12:00,20.7
19/09/2017 12:15,20.5
19/09/2017 12:30,20.5
19/09/2017 12:45,20.9
19/09/2017 13:00,21
19/09/2017 13:15,20.8
19/09/2017 13:30,20.3
19/09/2017 13:45,20.7
19/09/2017 14:00,20.9
19/09/2017 14:15,21.2
19/09/2017 14:30,20.6
19/09/2017 14:45,20.8
19/09/2017 15:00,20.9
19/09/2017 15:15,21
19/09/2017 15:30,21.2
19/09/2017 15:45,21.2
19/09/2017 16:00,21
19/09/2017 16:15,21
19/09/2017 16:30,20.8
19/09/2017 16:45,20.9
19/09/2017 17:00,21
19/09/2017 17:15,21.1
19/09/2017 17:30,21
19/09/2017 17:45,19
19/09/2017 18:00,17.2
19/09/2017 18:15,16.3
19/09/2017 18:30,15.6
19/09/2017 18:45,15.2
19/09/2017 19:00,15
19/09/2017 19:15,14.8
19/09/2017 19:30,14.6
19/09/2017 19:45,14.4
19/09/2017 20:00,14.3
19/09/2017 20:15,14.2
19/09/2017 20:30,14.1
19/09/2017 20:45,14.1
19/09/2017 21:00,14
19/09/2017 21:15,13.9
19/09/2017 21:30,13.9
19/09/2017 21:45,13.8
19/09/2017 22:00,13.7
19/09/2017 22:15,13.7
19/09/2017 22:30,13.6
19/09/2017 22:45,13.4
19/09/2017 23:00,13.3
19/09/2017 23:15,13.2
19/09/2017 23:30,13.1
19/09/2017 23:45,13
20/09/2017 0:00,12.8
20/09/2017 0:15,12.8
20/09/2017 0:30,12.8
20/09/2017 0:45,12.7
20/09/2017 1:00,12.6
20/09/2017 1:15,12.5
20/09/2017 1:30,12.5
20/09/2017 1:45,12.5
20/09/2017 2:00,12.4
20/09/2017 2:15,12.3
20/09/2017 2:30,12.2
20/09/2017 2:45,12.1
20/09/2017 3:00,12
20/09/2017 3:15,12
20/09/2017 3:30,11.9
20/09/2017 3:45,11.8
20/09/2017 4:00,11.6
20/09/2017 4:15,11.6
20/09/2017 4:30,11.6
20/09/2017 4:45,11.6
20/09/2017 5:00,11.5
20/09/2017 5:15,11.4
20/09/2017 5:30,11.3
20/09/2017 5:45,11.2
20/09/2017 6:00,11
20/09/2017 6:15,13.9
20/09/2017 6:30,16.8
20/09/2017 6:45,18
20/09/2017 7:00,18.4
20/09/2017 7:15,19
20/09/2017 7:30,19.4
20/09/2017 7:45,19.8
20/09/2017 8:00,20.2
20/09/2017 8:15,20.6
20/09/2017 8:30,20.8
20/09/2017 8:45,21
20/09/2017 9:00,19.8
20/09/2017 9:15,20.8
20/09/2017 9:30,21.1
20/09/2017 9:45,20.5
20/09/2017 10:00,20.5
20/09/2017 10:15,21
20/09/2017 10:30,21.1
20/09/2017 10:45,21
20/09/2017 11:00,20.9
20/09/2017 11:15,21
20/09/2017 11:30,21.2
20/09/2017 11:45,20.7
20/09/2017 12:00,21.2
20/09/2017 12:15,21.4
20/09/2017 12:30,20.9
20/09/2017 12:45,20.9
20/09/2017 13:00,21
20/09/2017 13:15,21
20/09/2017 13:30,20.8
20/09/2017 13:45,21.1
20/09/2017 14:00,21.2
20/09/2017 14:15,21.2
20/09/2017 14:30,20.9
20/09/2017 14:45,21
20/09/2017 15:00,21
20/09/2017 15:15,20.9
