Timestamp,Bld_64_DDC_1.1_R.Air_Co2(ppm)
20-Jul-17 3:30:00 pm,437.5
20-Jul-17 3:45:00 pm,439.5
20-Jul-17 4:00:00 pm,439.5
20-Jul-17 4:15:00 pm,433.6
20-Jul-17 4:30:00 pm,464.8
20-Jul-17 4:45:00 pm,486.3
20-Jul-17 5:00:00 pm,478.5
20-Jul-17 5:15:00 pm,478.5
20-Jul-17 5:30:00 pm,478.5
20-Jul-17 5:45:00 pm,459.0
20-Jul-17 6:00:00 pm,449.2
20-Jul-17 6:15:00 pm,447.3
20-Jul-17 6:30:00 pm,445.3
20-Jul-17 6:45:00 pm,445.3
20-Jul-17 7:00:00 pm,447.3
20-Jul-17 7:15:00 pm,482.4
20-Jul-17 7:30:00 pm,478.5
20-Jul-17 7:45:00 pm,466.8
20-Jul-17 8:00:00 pm,460.9
20-Jul-17 8:15:00 pm,453.1
20-Jul-17 8:30:00 pm,453.1
20-Jul-17 8:45:00 pm,447.3
20-Jul-17 9:00:00 pm,451.2
20-Jul-17 9:15:00 pm,449.2
20-Jul-17 9:30:00 pm,455.1
20-Jul-17 9:45:00 pm,455.1
20-Jul-17 10:00:00 pm,451.2
20-Jul-17 10:15:00 pm,445.3
20-Jul-17 10:30:00 pm,441.4
20-Jul-17 10:45:00 pm,443.4
20-Jul-17 11:00:00 pm,441.4
20-Jul-17 11:15:00 pm,441.4
20-Jul-17 11:30:00 pm,441.4
20-Jul-17 11:45:00 pm,445.3
21-Jul-17 12:00:00 am,439.5
21-Jul-17 12:15:00 am,449.2
21-Jul-17 12:30:00 am,449.2
21-Jul-17 12:45:00 am,453.1
21-Jul-17 1:00:00 am,464.8
21-Jul-17 1:15:00 am,459.0
21-Jul-17 1:30:00 am,449.2
21-Jul-17 1:45:00 am,457.0
21-Jul-17 2:00:00 am,457.0
21-Jul-17 2:15:00 am,459.0
21-Jul-17 2:30:00 am,462.9
21-Jul-17 2:45:00 am,462.9
21-Jul-17 3:00:00 am,460.9
21-Jul-17 3:15:00 am,466.8
21-Jul-17 3:30:00 am,478.5
21-Jul-17 3:45:00 am,472.7
21-Jul-17 4:00:00 am,474.6
21-Jul-17 4:15:00 am,474.6
21-Jul-17 4:30:00 am,474.6
21-Jul-17 4:45:00 am,474.6
21-Jul-17 5:00:00 am,462.9
21-Jul-17 5:15:00 am,462.9
21-Jul-17 5:30:00 am,464.8
21-Jul-17 5:45:00 am,466.8
21-Jul-17 6:00:00 am,462.9
21-Jul-17 6:15:00 am,460.9
21-Jul-17 6:30:00 am,455.1
21-Jul-17 6:45:00 am,453.1
21-Jul-17 7:00:00 am,451.2
21-Jul-17 7:15:00 am,451.2
21-Jul-17 7:30:00 am,445.3
21-Jul-17 7:45:00 am,449.2
21-Jul-17 8:00:00 am,447.3
21-Jul-17 8:15:00 am,455.1
21-Jul-17 8:30:00 am,462.9
21-Jul-17 8:45:00 am,462.9
21-Jul-17 9:00:00 am,466.8
21-Jul-17 9:15:00 am,460.9
21-Jul-17 9:30:00 am,459.0
21-Jul-17 9:45:00 am,470.7
21-Jul-17 10:00:00 am,498.0
21-Jul-17 10:15:00 am,507.8
21-Jul-17 10:30:00 am,498.0
21-Jul-17 10:45:00 am,476.6
21-Jul-17 11:00:00 am,464.8
21-Jul-17 11:15:00 am,455.1
21-Jul-17 11:30:00 am,449.2
21-Jul-17 11:45:00 am,451.2
21-Jul-17 12:00:00 pm,445.3
21-Jul-17 12:15:00 pm,449.2
21-Jul-17 12:30:00 pm,466.8
21-Jul-17 12:45:00 pm,449.2
21-Jul-17 1:00:00 pm,447.3
21-Jul-17 1:15:00 pm,449.2
21-Jul-17 1:30:00 pm,451.2
21-Jul-17 1:45:00 pm,462.9
21-Jul-17 2:00:00 pm,486.3
21-Jul-17 2:15:00 pm,457.0
21-Jul-17 2:30:00 pm,445.3
21-Jul-17 2:45:00 pm,433.6
21-Jul-17 3:00:00 pm,443.4
21-Jul-17 3:15:00 pm,435.5
21-Jul-17 3:30:00 pm,433.6
21-Jul-17 3:45:00 pm,431.6
21-Jul-17 4:00:01 pm,431.6
21-Jul-17 4:15:00 pm,437.5
21-Jul-17 4:30:00 pm,431.6
21-Jul-17 4:45:00 pm,429.7
21-Jul-17 5:00:00 pm,429.7
21-Jul-17 5:15:00 pm,431.6
21-Jul-17 5:30:00 pm,433.6
21-Jul-17 5:45:00 pm,429.7
21-Jul-17 6:00:00 pm,433.6
21-Jul-17 6:15:00 pm,433.6
21-Jul-17 6:30:00 pm,437.5
21-Jul-17 6:45:00 pm,441.4
21-Jul-17 7:00:00 pm,437.5
21-Jul-17 7:15:00 pm,437.5
21-Jul-17 7:30:00 pm,435.5
21-Jul-17 7:45:00 pm,435.5
21-Jul-17 8:00:00 pm,435.5
21-Jul-17 8:15:00 pm,435.5
21-Jul-17 8:30:00 pm,433.6
21-Jul-17 8:45:00 pm,433.6
21-Jul-17 9:00:00 pm,431.6
21-Jul-17 9:15:00 pm,429.7
21-Jul-17 9:30:00 pm,433.6
21-Jul-17 9:45:00 pm,431.6
21-Jul-17 10:00:00 pm,431.6
21-Jul-17 10:15:00 pm,431.6
21-Jul-17 10:30:00 pm,433.6
21-Jul-17 10:45:00 pm,433.6
21-Jul-17 11:00:00 pm,433.6
21-Jul-17 11:15:00 pm,435.5
21-Jul-17 11:30:00 pm,435.5
21-Jul-17 11:45:00 pm,435.5
22-Jul-17 12:00:00 am,429.7
22-Jul-17 12:15:00 am,429.7
22-Jul-17 12:30:00 am,437.5
22-Jul-17 12:45:00 am,439.5
22-Jul-17 1:00:00 am,433.6
22-Jul-17 1:15:00 am,437.5
22-Jul-17 1:30:00 am,439.5
22-Jul-17 1:45:00 am,429.7
22-Jul-17 2:00:00 am,437.5
22-Jul-17 2:15:00 am,433.6
22-Jul-17 2:30:00 am,431.6
22-Jul-17 2:45:00 am,433.6
22-Jul-17 3:00:00 am,431.6
22-Jul-17 3:15:00 am,429.7
22-Jul-17 3:30:00 am,427.7
22-Jul-17 3:45:00 am,429.7
22-Jul-17 4:00:00 am,425.8
22-Jul-17 4:15:00 am,425.8
22-Jul-17 4:30:00 am,421.9
22-Jul-17 4:45:00 am,425.8
22-Jul-17 5:00:00 am,425.8
22-Jul-17 5:15:00 am,423.8
22-Jul-17 5:30:00 am,427.7
22-Jul-17 5:45:00 am,427.7
22-Jul-17 6:00:00 am,431.6
22-Jul-17 6:15:00 am,425.8
22-Jul-17 6:30:00 am,427.7
22-Jul-17 6:45:00 am,425.8
22-Jul-17 7:00:00 am,427.7
22-Jul-17 7:15:00 am,425.8
22-Jul-17 7:30:00 am,425.8
22-Jul-17 7:45:00 am,423.8
22-Jul-17 8:00:00 am,425.8
22-Jul-17 8:15:00 am,429.7
22-Jul-17 8:30:00 am,427.7
22-Jul-17 8:45:00 am,433.6
22-Jul-17 9:00:00 am,427.7
22-Jul-17 9:15:00 am,429.7
22-Jul-17 9:30:00 am,429.7
22-Jul-17 9:45:00 am,429.7
22-Jul-17 10:00:00 am,423.8
22-Jul-17 10:15:00 am,423.8
22-Jul-17 10:30:00 am,423.8
22-Jul-17 10:45:00 am,421.9
22-Jul-17 11:00:00 am,421.9
22-Jul-17 11:15:00 am,419.9
22-Jul-17 11:30:00 am,419.9
22-Jul-17 11:45:00 am,416.0
22-Jul-17 12:00:00 pm,419.9
22-Jul-17 12:15:00 pm,418.0
22-Jul-17 12:30:00 pm,419.9
22-Jul-17 12:45:00 pm,416.0
22-Jul-17 1:00:00 pm,418.0
22-Jul-17 1:15:00 pm,416.0
22-Jul-17 1:30:00 pm,418.0
22-Jul-17 1:45:00 pm,416.0
22-Jul-17 2:00:00 pm,414.1
22-Jul-17 2:15:00 pm,418.0
22-Jul-17 2:30:00 pm,414.1
22-Jul-17 2:45:00 pm,414.1
22-Jul-17 3:00:00 pm,416.0
22-Jul-17 3:15:00 pm,410.2
22-Jul-17 3:30:00 pm,414.1
22-Jul-17 3:45:00 pm,414.1
22-Jul-17 4:00:00 pm,412.1
22-Jul-17 4:15:00 pm,414.1
22-Jul-17 4:30:00 pm,418.0
22-Jul-17 4:45:00 pm,418.0
22-Jul-17 5:00:00 pm,418.0
22-Jul-17 5:15:00 pm,414.1
22-Jul-17 5:30:00 pm,414.1
22-Jul-17 5:45:00 pm,419.9
22-Jul-17 6:00:00 pm,414.1
22-Jul-17 6:15:00 pm,419.9
22-Jul-17 6:30:00 pm,419.9
22-Jul-17 6:45:00 pm,418.0
22-Jul-17 7:00:00 pm,419.9
22-Jul-17 7:15:00 pm,418.0
22-Jul-17 7:30:00 pm,419.9
22-Jul-17 7:45:00 pm,419.9
22-Jul-17 8:00:00 pm,421.9
22-Jul-17 8:15:00 pm,418.0
22-Jul-17 8:30:00 pm,421.9
22-Jul-17 8:45:00 pm,419.9
22-Jul-17 9:00:00 pm,419.9
22-Jul-17 9:15:00 pm,421.9
22-Jul-17 9:30:00 pm,419.9
22-Jul-17 9:45:00 pm,418.0
22-Jul-17 10:00:00 pm,418.0
22-Jul-17 10:15:00 pm,416.0
22-Jul-17 10:30:00 pm,416.0
22-Jul-17 10:45:00 pm,418.0
22-Jul-17 11:00:00 pm,419.9
22-Jul-17 11:15:00 pm,419.9
22-Jul-17 11:30:00 pm,418.0
22-Jul-17 11:45:00 pm,418.0
23-Jul-17 12:00:00 am,418.0
23-Jul-17 12:15:00 am,418.0
23-Jul-17 12:30:00 am,418.0
23-Jul-17 12:45:00 am,416.0
23-Jul-17 1:00:00 am,416.0
23-Jul-17 1:15:00 am,418.0
23-Jul-17 1:30:00 am,418.0
23-Jul-17 1:45:00 am,414.1
23-Jul-17 2:00:00 am,412.1
23-Jul-17 2:15:00 am,416.0
23-Jul-17 2:30:00 am,412.1
23-Jul-17 2:45:00 am,410.2
23-Jul-17 3:00:00 am,416.0
23-Jul-17 3:15:00 am,414.1
23-Jul-17 3:30:00 am,414.1
23-Jul-17 3:45:00 am,414.1
23-Jul-17 4:00:00 am,412.1
23-Jul-17 4:15:00 am,408.2
23-Jul-17 4:30:00 am,412.1
23-Jul-17 4:45:00 am,410.2
23-Jul-17 5:00:00 am,408.2
23-Jul-17 5:15:00 am,412.1
23-Jul-17 5:30:00 am,408.2
23-Jul-17 5:45:00 am,414.1
23-Jul-17 6:00:00 am,412.1
23-Jul-17 6:15:00 am,408.2
23-Jul-17 6:30:00 am,412.1
23-Jul-17 6:45:02 am,414.1
23-Jul-17 7:00:00 am,412.1
23-Jul-17 7:15:00 am,410.2
23-Jul-17 7:30:00 am,410.2
23-Jul-17 7:45:00 am,412.1
23-Jul-17 8:00:00 am,410.2
23-Jul-17 8:15:00 am,412.1
23-Jul-17 8:30:00 am,414.1
23-Jul-17 8:45:00 am,416.0
23-Jul-17 9:00:00 am,412.1
23-Jul-17 9:15:00 am,414.1
23-Jul-17 9:30:00 am,414.1
23-Jul-17 9:45:00 am,412.1
23-Jul-17 10:00:00 am,410.2
23-Jul-17 10:15:00 am,414.1
23-Jul-17 10:30:00 am,414.1
23-Jul-17 10:45:00 am,414.1
23-Jul-17 11:00:00 am,416.0
23-Jul-17 11:15:00 am,416.0
23-Jul-17 11:30:00 am,414.1
23-Jul-17 11:45:00 am,414.1
23-Jul-17 12:00:00 pm,412.1
23-Jul-17 12:15:00 pm,414.1
23-Jul-17 12:30:00 pm,416.0
23-Jul-17 12:45:00 pm,416.0
23-Jul-17 1:00:00 pm,419.9
23-Jul-17 1:15:00 pm,416.0
23-Jul-17 1:30:00 pm,414.1
23-Jul-17 1:45:00 pm,416.0
23-Jul-17 2:00:00 pm,416.0
23-Jul-17 2:15:00 pm,414.1
23-Jul-17 2:30:00 pm,419.9
23-Jul-17 2:45:00 pm,419.9
23-Jul-17 3:00:00 pm,419.9
23-Jul-17 3:15:00 pm,418.0
23-Jul-17 3:30:00 pm,423.8
23-Jul-17 3:45:00 pm,419.9
23-Jul-17 4:00:00 pm,421.9
23-Jul-17 4:15:00 pm,423.8
23-Jul-17 4:30:00 pm,423.8
23-Jul-17 4:45:00 pm,429.7
23-Jul-17 5:00:00 pm,435.5
23-Jul-17 5:15:00 pm,437.5
23-Jul-17 5:30:00 pm,439.5
23-Jul-17 5:45:00 pm,439.5
23-Jul-17 6:00:00 pm,445.3
23-Jul-17 6:15:00 pm,447.3
23-Jul-17 6:30:01 pm,447.3
23-Jul-17 6:45:00 pm,441.4
23-Jul-17 7:00:00 pm,445.3
23-Jul-17 7:15:00 pm,451.2
23-Jul-17 7:30:00 pm,449.2
23-Jul-17 7:45:00 pm,447.3
23-Jul-17 8:00:00 pm,447.3
23-Jul-17 8:15:00 pm,451.2
23-Jul-17 8:30:00 pm,459.0
23-Jul-17 8:45:00 pm,445.3
23-Jul-17 9:00:00 pm,447.3
23-Jul-17 9:15:00 pm,443.4
23-Jul-17 9:30:00 pm,447.3
23-Jul-17 9:45:00 pm,453.1
23-Jul-17 10:00:00 pm,455.1
23-Jul-17 10:15:00 pm,453.1
23-Jul-17 10:30:00 pm,449.2
23-Jul-17 10:45:00 pm,447.3
23-Jul-17 11:00:00 pm,445.3
23-Jul-17 11:15:00 pm,439.5
23-Jul-17 11:30:00 pm,439.5
23-Jul-17 11:45:00 pm,439.5
24-Jul-17 12:00:00 am,457.0
24-Jul-17 12:15:00 am,449.2
24-Jul-17 12:30:00 am,441.4
24-Jul-17 12:45:00 am,439.5
24-Jul-17 1:00:00 am,437.5
24-Jul-17 1:15:00 am,437.5
24-Jul-17 1:30:00 am,439.5
24-Jul-17 1:45:00 am,445.3
24-Jul-17 2:00:01 am,437.5
24-Jul-17 2:15:00 am,437.5
24-Jul-17 2:30:00 am,439.5
24-Jul-17 2:45:00 am,433.6
24-Jul-17 3:00:00 am,435.5
24-Jul-17 3:15:00 am,439.5
24-Jul-17 3:30:00 am,445.3
24-Jul-17 3:45:00 am,443.4
24-Jul-17 4:00:00 am,441.4
24-Jul-17 4:15:00 am,441.4
24-Jul-17 4:30:00 am,441.4
24-Jul-17 4:45:00 am,439.5
24-Jul-17 5:00:00 am,437.5
24-Jul-17 5:15:00 am,439.5
24-Jul-17 5:30:00 am,441.4
24-Jul-17 5:45:00 am,443.4
24-Jul-17 6:00:00 am,445.3
24-Jul-17 6:15:00 am,447.3
24-Jul-17 6:30:00 am,445.3
24-Jul-17 6:45:00 am,449.2
24-Jul-17 7:00:00 am,445.3
24-Jul-17 7:15:00 am,455.1
24-Jul-17 7:30:00 am,453.1
24-Jul-17 7:45:00 am,453.1
24-Jul-17 8:00:00 am,455.1
24-Jul-17 8:15:00 am,527.3
24-Jul-17 8:30:00 am,554.7
24-Jul-17 8:45:00 am,568.4
24-Jul-17 9:00:00 am,578.1
24-Jul-17 9:15:00 am,584.0
24-Jul-17 9:30:00 am,587.9
24-Jul-17 9:45:00 am,587.9
24-Jul-17 10:00:00 am,593.8
24-Jul-17 10:15:00 am,791.0
24-Jul-17 10:30:00 am,714.8
24-Jul-17 10:45:00 am,718.8
24-Jul-17 11:00:00 am,699.2
24-Jul-17 11:15:00 am,716.8
24-Jul-17 11:30:00 am,699.2
24-Jul-17 11:45:00 am,707.0
24-Jul-17 12:00:00 pm,710.9
24-Jul-17 12:15:00 pm,720.7
24-Jul-17 12:30:00 pm,709.0
24-Jul-17 12:45:00 pm,716.8
24-Jul-17 1:00:00 pm,664.1
24-Jul-17 1:15:00 pm,769.5
24-Jul-17 1:30:00 pm,732.4
24-Jul-17 1:45:00 pm,738.3
24-Jul-17 2:00:00 pm,748.0
24-Jul-17 2:15:00 pm,755.9
24-Jul-17 2:30:00 pm,724.6
24-Jul-17 2:45:00 pm,736.3
24-Jul-17 3:00:00 pm,748.0
24-Jul-17 3:15:00 pm,744.1
24-Jul-17 3:30:00 pm,740.2
24-Jul-17 3:45:00 pm,734.4
24-Jul-17 4:00:00 pm,689.5
24-Jul-17 4:15:00 pm,773.4
24-Jul-17 4:30:00 pm,750.0
24-Jul-17 4:45:00 pm,738.3
24-Jul-17 5:00:00 pm,740.2
24-Jul-17 5:15:00 pm,748.0
24-Jul-17 5:30:00 pm,730.5
24-Jul-17 5:45:00 pm,726.6
24-Jul-17 6:00:00 pm,628.9
24-Jul-17 6:15:00 pm,552.7
24-Jul-17 6:30:00 pm,515.6
24-Jul-17 6:45:00 pm,490.2
24-Jul-17 7:00:00 pm,474.6
24-Jul-17 7:15:00 pm,462.9
24-Jul-17 7:30:00 pm,457.0
24-Jul-17 7:45:00 pm,447.3
24-Jul-17 8:00:00 pm,445.3
24-Jul-17 8:15:00 pm,441.4
24-Jul-17 8:30:00 pm,441.4
24-Jul-17 8:45:00 pm,441.4
24-Jul-17 9:00:00 pm,437.5
24-Jul-17 9:15:00 pm,433.6
24-Jul-17 9:30:00 pm,435.5
24-Jul-17 9:45:00 pm,437.5
24-Jul-17 10:00:00 pm,435.5
24-Jul-17 10:15:00 pm,435.5
24-Jul-17 10:30:00 pm,433.6
24-Jul-17 10:45:00 pm,433.6
24-Jul-17 11:00:00 pm,439.5
24-Jul-17 11:15:00 pm,433.6
24-Jul-17 11:30:00 pm,435.5
24-Jul-17 11:45:00 pm,433.6
25-Jul-17 12:00:00 am,427.7
25-Jul-17 12:15:00 am,427.7
25-Jul-17 12:30:00 am,429.7
25-Jul-17 12:45:00 am,431.6
25-Jul-17 1:00:00 am,431.6
25-Jul-17 1:15:00 am,435.5
25-Jul-17 1:30:00 am,429.7
25-Jul-17 1:45:00 am,431.6
25-Jul-17 2:00:00 am,429.7
25-Jul-17 2:15:00 am,427.7
25-Jul-17 2:30:00 am,429.7
25-Jul-17 2:45:00 am,425.8
25-Jul-17 3:00:00 am,429.7
25-Jul-17 3:15:00 am,431.6
25-Jul-17 3:30:00 am,431.6
25-Jul-17 3:45:00 am,429.7
25-Jul-17 4:00:00 am,431.6
25-Jul-17 4:15:00 am,433.6
25-Jul-17 4:30:00 am,425.8
25-Jul-17 4:45:00 am,427.7
25-Jul-17 5:00:00 am,431.6
25-Jul-17 5:15:00 am,429.7
25-Jul-17 5:30:00 am,431.6
25-Jul-17 5:45:00 am,433.6
25-Jul-17 6:00:00 am,433.6
25-Jul-17 6:15:00 am,433.6
25-Jul-17 6:30:00 am,431.6
25-Jul-17 6:45:00 am,431.6
25-Jul-17 7:00:00 am,433.6
25-Jul-17 7:15:00 am,441.4
25-Jul-17 7:30:00 am,439.5
25-Jul-17 7:45:00 am,441.4
25-Jul-17 8:00:00 am,437.5
25-Jul-17 8:15:00 am,685.5
25-Jul-17 8:30:00 am,679.7
25-Jul-17 8:45:00 am,691.4
25-Jul-17 9:00:00 am,695.3
25-Jul-17 9:15:00 am,720.7
25-Jul-17 9:30:00 am,689.5
25-Jul-17 9:45:00 am,687.5
25-Jul-17 10:00:00 am,671.9
25-Jul-17 10:15:00 am,710.9
25-Jul-17 10:30:00 am,712.9
25-Jul-17 10:45:00 am,695.3
25-Jul-17 11:00:00 am,568.4
25-Jul-17 11:15:00 am,513.7
25-Jul-17 11:30:00 am,482.4
25-Jul-17 11:45:00 am,470.7
25-Jul-17 12:00:00 pm,523.4
25-Jul-17 12:15:00 pm,880.9
25-Jul-17 12:30:00 pm,769.5
25-Jul-17 12:45:00 pm,742.2
25-Jul-17 1:00:00 pm,736.3
25-Jul-17 1:15:00 pm,759.8
25-Jul-17 1:30:00 pm,742.2
25-Jul-17 1:45:00 pm,748.0
25-Jul-17 2:00:00 pm,712.9
25-Jul-17 2:15:00 pm,527.3
25-Jul-17 2:30:00 pm,482.4
25-Jul-17 2:45:00 pm,457.0
25-Jul-17 3:00:00 pm,447.3
25-Jul-17 3:15:00 pm,460.9
25-Jul-17 3:30:00 pm,548.8
25-Jul-17 3:45:00 pm,806.6
25-Jul-17 4:00:00 pm,693.4
25-Jul-17 4:15:00 pm,728.5
25-Jul-17 4:30:00 pm,720.7
25-Jul-17 4:45:00 pm,720.7
25-Jul-17 5:00:00 pm,693.4
25-Jul-17 5:15:00 pm,632.8
25-Jul-17 5:30:00 pm,636.7
25-Jul-17 5:45:00 pm,441.4
25-Jul-17 6:00:00 pm,431.6
25-Jul-17 6:15:00 pm,429.7
25-Jul-17 6:30:00 pm,429.7
25-Jul-17 6:45:00 pm,435.5
25-Jul-17 7:00:00 pm,441.4
25-Jul-17 7:15:00 pm,445.3
25-Jul-17 7:30:00 pm,447.3
25-Jul-17 7:45:00 pm,443.4
25-Jul-17 8:00:00 pm,449.2
25-Jul-17 8:15:00 pm,445.3
25-Jul-17 8:30:00 pm,441.4
25-Jul-17 8:45:00 pm,439.5
25-Jul-17 9:00:00 pm,437.5
25-Jul-17 9:15:00 pm,435.5
25-Jul-17 9:30:00 pm,433.6
25-Jul-17 9:45:00 pm,433.6
25-Jul-17 10:00:00 pm,433.6
25-Jul-17 10:15:00 pm,435.5
25-Jul-17 10:30:00 pm,429.7
25-Jul-17 10:45:00 pm,431.6
25-Jul-17 11:00:00 pm,433.6
25-Jul-17 11:15:00 pm,435.5
25-Jul-17 11:30:00 pm,429.7
25-Jul-17 11:45:00 pm,433.6
26-Jul-17 12:00:00 am,435.5
26-Jul-17 12:15:00 am,433.6
26-Jul-17 12:30:00 am,433.6
26-Jul-17 12:45:00 am,431.6
26-Jul-17 1:00:00 am,435.5
26-Jul-17 1:15:00 am,433.6
26-Jul-17 1:30:00 am,431.6
26-Jul-17 1:45:00 am,429.7
26-Jul-17 2:00:01 am,429.7
26-Jul-17 2:15:00 am,429.7
26-Jul-17 2:30:00 am,429.7
26-Jul-17 2:45:00 am,425.8
26-Jul-17 3:00:00 am,423.8
26-Jul-17 3:15:00 am,427.7
26-Jul-17 3:30:00 am,425.8
26-Jul-17 3:45:00 am,427.7
26-Jul-17 4:00:00 am,427.7
26-Jul-17 4:15:00 am,425.8
26-Jul-17 4:30:00 am,427.7
26-Jul-17 4:45:00 am,427.7
26-Jul-17 5:00:00 am,425.8
26-Jul-17 5:15:00 am,429.7
26-Jul-17 5:30:00 am,429.7
26-Jul-17 5:45:00 am,427.7
26-Jul-17 6:00:01 am,429.7
26-Jul-17 6:15:00 am,439.5
26-Jul-17 6:30:00 am,433.6
26-Jul-17 6:45:00 am,435.5
26-Jul-17 7:00:00 am,433.6
26-Jul-17 7:15:00 am,439.5
26-Jul-17 7:30:00 am,435.5
26-Jul-17 7:45:00 am,435.5
26-Jul-17 8:00:00 am,480.5
26-Jul-17 8:15:00 am,564.5
26-Jul-17 8:30:00 am,591.8
26-Jul-17 8:45:00 am,605.5
26-Jul-17 9:00:00 am,625.0
26-Jul-17 9:15:00 am,662.1
26-Jul-17 9:30:00 am,662.1
26-Jul-17 9:45:00 am,650.4
26-Jul-17 10:00:00 am,638.7
26-Jul-17 10:15:00 am,728.5
26-Jul-17 10:30:00 am,689.5
26-Jul-17 10:45:00 am,703.1
26-Jul-17 11:00:20 am,716.8
26-Jul-17 11:15:00 am,677.7
26-Jul-17 11:30:00 am,703.1
26-Jul-17 11:45:00 am,691.4
26-Jul-17 12:00:00 pm,685.5
26-Jul-17 12:15:00 pm,689.5
26-Jul-17 12:30:00 pm,685.5
26-Jul-17 12:45:00 pm,689.5
26-Jul-17 1:00:00 pm,648.4
26-Jul-17 1:15:00 pm,753.9
26-Jul-17 1:30:00 pm,699.2
26-Jul-17 1:45:00 pm,720.7
26-Jul-17 2:00:00 pm,722.7
26-Jul-17 2:15:00 pm,695.3
26-Jul-17 2:30:00 pm,681.6
26-Jul-17 2:45:00 pm,710.9
26-Jul-17 3:00:00 pm,679.7
26-Jul-17 3:15:00 pm,689.5
26-Jul-17 3:30:00 pm,617.2
26-Jul-17 3:45:00 pm,570.3
26-Jul-17 4:00:00 pm,582.0
26-Jul-17 4:15:01 pm,703.1
26-Jul-17 4:30:00 pm,689.5
26-Jul-17 4:45:00 pm,697.3
26-Jul-17 5:00:01 pm,671.9
26-Jul-17 5:15:00 pm,695.3
26-Jul-17 5:30:00 pm,683.6
26-Jul-17 5:45:00 pm,669.9
26-Jul-17 6:00:00 pm,646.5
26-Jul-17 6:15:00 pm,570.3
26-Jul-17 6:30:00 pm,521.5
26-Jul-17 6:45:00 pm,500.0
26-Jul-17 7:00:00 pm,486.3
26-Jul-17 7:15:00 pm,474.6
26-Jul-17 7:30:00 pm,468.8
26-Jul-17 7:45:00 pm,464.8
26-Jul-17 8:00:00 pm,470.7
26-Jul-17 8:15:00 pm,476.6
26-Jul-17 8:30:00 pm,468.8
26-Jul-17 8:45:00 pm,466.8
26-Jul-17 9:00:00 pm,468.8
26-Jul-17 9:15:00 pm,470.7
26-Jul-17 9:30:00 pm,474.6
26-Jul-17 9:45:00 pm,482.4
26-Jul-17 10:00:00 pm,486.3
26-Jul-17 10:15:00 pm,474.6
26-Jul-17 10:30:00 pm,480.5
26-Jul-17 10:45:00 pm,484.4
26-Jul-17 11:00:00 pm,492.2
26-Jul-17 11:15:00 pm,492.2
26-Jul-17 11:30:00 pm,490.2
26-Jul-17 11:45:00 pm,482.4
27-Jul-17 12:00:00 am,480.5
27-Jul-17 12:15:00 am,478.5
27-Jul-17 12:30:00 am,476.6
27-Jul-17 12:45:00 am,474.6
27-Jul-17 1:00:00 am,472.7
27-Jul-17 1:15:00 am,472.7
27-Jul-17 1:30:00 am,474.6
27-Jul-17 1:45:00 am,470.7
27-Jul-17 2:00:00 am,462.9
27-Jul-17 2:15:00 am,462.9
27-Jul-17 2:30:00 am,462.9
27-Jul-17 2:45:00 am,462.9
27-Jul-17 3:00:00 am,462.9
27-Jul-17 3:15:00 am,455.1
27-Jul-17 3:30:00 am,455.1
27-Jul-17 3:45:00 am,453.1
27-Jul-17 4:00:00 am,449.2
27-Jul-17 4:15:00 am,455.1
27-Jul-17 4:30:00 am,453.1
27-Jul-17 4:45:00 am,453.1
27-Jul-17 5:00:00 am,455.1
27-Jul-17 5:15:00 am,451.2
27-Jul-17 5:30:00 am,449.2
27-Jul-17 5:45:00 am,451.2
27-Jul-17 6:00:00 am,457.0
27-Jul-17 6:15:00 am,453.1
27-Jul-17 6:30:00 am,455.1
27-Jul-17 6:45:00 am,455.1
27-Jul-17 7:00:00 am,455.1
27-Jul-17 7:15:00 am,460.9
27-Jul-17 7:30:00 am,466.8
27-Jul-17 7:45:00 am,474.6
27-Jul-17 8:00:00 am,460.9
27-Jul-17 8:15:00 am,668.0
27-Jul-17 8:30:00 am,669.9
27-Jul-17 8:45:00 am,671.9
27-Jul-17 9:00:00 am,681.6
27-Jul-17 9:15:00 am,750.0
27-Jul-17 9:30:00 am,722.7
27-Jul-17 9:45:00 am,724.6
27-Jul-17 10:00:00 am,722.7
27-Jul-17 10:15:00 am,794.9
27-Jul-17 10:30:00 am,742.2
27-Jul-17 10:45:00 am,730.5
27-Jul-17 11:00:00 am,689.5
27-Jul-17 11:15:00 am,722.7
27-Jul-17 11:30:00 am,709.0
27-Jul-17 11:45:00 am,697.3
27-Jul-17 12:00:00 pm,707.0
27-Jul-17 12:15:00 pm,705.1
27-Jul-17 12:30:00 pm,693.4
27-Jul-17 12:45:00 pm,697.3
27-Jul-17 1:00:00 pm,558.6
27-Jul-17 1:15:00 pm,705.1
27-Jul-17 1:30:00 pm,677.7
27-Jul-17 1:45:00 pm,693.4
27-Jul-17 2:00:00 pm,683.6
27-Jul-17 2:15:00 pm,656.3
27-Jul-17 2:30:00 pm,666.0
27-Jul-17 2:45:00 pm,664.1
27-Jul-17 3:00:00 pm,664.1
27-Jul-17 3:15:00 pm,666.0
27-Jul-17 3:30:00 pm,652.3
27-Jul-17 3:45:00 pm,660.2
27-Jul-17 4:00:00 pm,632.8
27-Jul-17 4:15:00 pm,697.3
27-Jul-17 4:30:00 pm,687.5
27-Jul-17 4:45:00 pm,699.2
27-Jul-17 5:00:00 pm,681.6
27-Jul-17 5:15:00 pm,679.7
27-Jul-17 5:30:00 pm,681.6
27-Jul-17 5:45:00 pm,675.8
27-Jul-17 6:00:00 pm,619.1
27-Jul-17 6:15:00 pm,546.9
27-Jul-17 6:30:00 pm,505.9
27-Jul-17 6:45:00 pm,474.6
27-Jul-17 7:00:00 pm,460.9
27-Jul-17 7:15:00 pm,453.1
27-Jul-17 7:30:00 pm,439.5
27-Jul-17 7:45:00 pm,439.5
27-Jul-17 8:00:00 pm,433.6
27-Jul-17 8:15:00 pm,431.6
27-Jul-17 8:30:00 pm,433.6
27-Jul-17 8:45:00 pm,427.7
27-Jul-17 9:00:00 pm,427.7
27-Jul-17 9:15:00 pm,431.6
27-Jul-17 9:30:00 pm,425.8
27-Jul-17 9:45:00 pm,429.7
27-Jul-17 10:00:00 pm,425.8
27-Jul-17 10:15:00 pm,425.8
27-Jul-17 10:30:00 pm,429.7
27-Jul-17 10:45:00 pm,431.6
27-Jul-17 11:00:00 pm,425.8
27-Jul-17 11:15:00 pm,425.8
27-Jul-17 11:30:00 pm,423.8
27-Jul-17 11:45:00 pm,429.7
28-Jul-17 12:00:00 am,427.7
28-Jul-17 12:15:00 am,427.7
28-Jul-17 12:30:00 am,427.7
28-Jul-17 12:45:00 am,429.7
28-Jul-17 1:00:00 am,431.6
28-Jul-17 1:15:00 am,435.5
28-Jul-17 1:30:00 am,441.4
28-Jul-17 1:45:00 am,437.5
28-Jul-17 2:00:01 am,437.5
28-Jul-17 2:15:00 am,437.5
28-Jul-17 2:30:00 am,431.6
28-Jul-17 2:45:00 am,435.5
28-Jul-17 3:00:00 am,435.5
28-Jul-17 3:15:00 am,431.6
28-Jul-17 3:30:00 am,435.5
28-Jul-17 3:45:00 am,435.5
28-Jul-17 4:00:00 am,433.6
28-Jul-17 4:15:00 am,431.6
28-Jul-17 4:30:00 am,433.6
28-Jul-17 4:45:00 am,433.6
28-Jul-17 5:00:00 am,435.5
28-Jul-17 5:15:00 am,431.6
28-Jul-17 5:30:00 am,435.5
28-Jul-17 5:45:00 am,435.5
28-Jul-17 6:00:00 am,437.5
28-Jul-17 6:15:00 am,437.5
28-Jul-17 6:30:00 am,439.5
28-Jul-17 6:45:00 am,441.4
28-Jul-17 7:00:00 am,439.5
28-Jul-17 7:15:00 am,443.4
28-Jul-17 7:30:00 am,443.4
28-Jul-17 7:45:00 am,449.2
28-Jul-17 8:00:00 am,451.2
28-Jul-17 8:15:00 am,601.6
28-Jul-17 8:30:00 am,648.4
28-Jul-17 8:45:00 am,669.9
28-Jul-17 9:00:00 am,662.1
28-Jul-17 9:15:00 am,658.2
28-Jul-17 9:30:00 am,658.2
28-Jul-17 9:45:00 am,572.3
28-Jul-17 10:00:00 am,527.3
28-Jul-17 10:15:00 am,625.0
28-Jul-17 10:30:00 am,662.1
28-Jul-17 10:45:00 am,662.1
28-Jul-17 11:00:00 am,662.1
28-Jul-17 11:15:00 am,648.4
28-Jul-17 11:30:00 am,640.6
28-Jul-17 11:45:00 am,642.6
28-Jul-17 12:00:00 pm,621.1
28-Jul-17 12:15:00 pm,673.8
28-Jul-17 12:30:00 pm,677.7
28-Jul-17 12:45:00 pm,652.3
28-Jul-17 1:00:00 pm,662.1
28-Jul-17 1:15:00 pm,658.2
28-Jul-17 1:30:00 pm,650.4
28-Jul-17 1:45:00 pm,644.5
28-Jul-17 2:00:00 pm,619.1
28-Jul-17 2:15:00 pm,740.2
28-Jul-17 2:30:00 pm,691.4
28-Jul-17 2:45:00 pm,697.3
28-Jul-17 3:00:00 pm,689.5
28-Jul-17 3:15:00 pm,709.0
28-Jul-17 3:30:00 pm,681.6
28-Jul-17 3:45:00 pm,691.4
28-Jul-17 4:00:00 pm,693.4
28-Jul-17 4:15:00 pm,685.5
28-Jul-17 4:30:00 pm,675.8
28-Jul-17 4:45:00 pm,677.7
28-Jul-17 5:00:00 pm,679.7
28-Jul-17 5:15:00 pm,597.7
28-Jul-17 5:30:00 pm,548.8
28-Jul-17 5:45:00 pm,515.6
28-Jul-17 6:00:00 pm,503.9
28-Jul-17 6:15:00 pm,490.2
28-Jul-17 6:30:00 pm,478.5
28-Jul-17 6:45:00 pm,468.8
28-Jul-17 7:00:00 pm,460.9
28-Jul-17 7:15:00 pm,462.9
28-Jul-17 7:30:00 pm,462.9
28-Jul-17 7:45:00 pm,466.8
28-Jul-17 8:00:00 pm,464.8
28-Jul-17 8:15:00 pm,457.0
28-Jul-17 8:30:00 pm,453.1
28-Jul-17 8:45:00 pm,449.2
28-Jul-17 9:00:00 pm,445.3
28-Jul-17 9:15:00 pm,441.4
28-Jul-17 9:30:00 pm,441.4
28-Jul-17 9:45:00 pm,435.5
28-Jul-17 10:00:00 pm,435.5
28-Jul-17 10:15:00 pm,433.6
28-Jul-17 10:30:00 pm,433.6
28-Jul-17 10:45:00 pm,429.7
28-Jul-17 11:00:00 pm,429.7
28-Jul-17 11:15:00 pm,431.6
28-Jul-17 11:30:00 pm,429.7
28-Jul-17 11:45:00 pm,431.6
29-Jul-17 12:00:00 am,429.7
29-Jul-17 12:15:00 am,425.8
29-Jul-17 12:30:00 am,427.7
29-Jul-17 12:45:00 am,429.7
29-Jul-17 1:00:00 am,431.6
29-Jul-17 1:15:00 am,429.7
29-Jul-17 1:30:00 am,429.7
29-Jul-17 1:45:00 am,433.6
29-Jul-17 2:00:00 am,431.6
29-Jul-17 2:15:00 am,425.8
29-Jul-17 2:30:00 am,427.7
29-Jul-17 2:45:00 am,425.8
29-Jul-17 3:00:00 am,427.7
29-Jul-17 3:15:00 am,427.7
29-Jul-17 3:30:00 am,427.7
29-Jul-17 3:45:00 am,427.7
29-Jul-17 4:00:00 am,423.8
29-Jul-17 4:15:00 am,421.9
29-Jul-17 4:30:00 am,423.8
29-Jul-17 4:45:00 am,429.7
29-Jul-17 5:00:00 am,425.8
29-Jul-17 5:15:00 am,423.8
29-Jul-17 5:30:00 am,427.7
29-Jul-17 5:45:00 am,425.8
29-Jul-17 6:00:00 am,427.7
29-Jul-17 6:15:00 am,425.8
29-Jul-17 6:30:00 am,423.8
29-Jul-17 6:45:00 am,423.8
29-Jul-17 7:00:00 am,423.8
29-Jul-17 7:15:00 am,423.8
29-Jul-17 7:30:00 am,419.9
29-Jul-17 7:45:00 am,427.7
29-Jul-17 8:00:00 am,421.9
29-Jul-17 8:15:00 am,429.7
29-Jul-17 8:30:00 am,429.7
29-Jul-17 8:45:00 am,427.7
29-Jul-17 9:00:00 am,425.8
29-Jul-17 9:15:00 am,427.7
29-Jul-17 9:30:00 am,429.7
29-Jul-17 9:45:00 am,427.7
29-Jul-17 10:00:00 am,427.7
29-Jul-17 10:15:00 am,421.9
29-Jul-17 10:30:00 am,421.9
29-Jul-17 10:45:00 am,419.9
29-Jul-17 11:00:00 am,419.9
29-Jul-17 11:15:00 am,419.9
29-Jul-17 11:30:00 am,418.0
29-Jul-17 11:45:00 am,418.0
29-Jul-17 12:00:00 pm,416.0
29-Jul-17 12:15:00 pm,418.0
29-Jul-17 12:30:00 pm,416.0
29-Jul-17 12:45:00 pm,414.1
29-Jul-17 1:00:00 pm,418.0
29-Jul-17 1:15:00 pm,414.1
29-Jul-17 1:30:00 pm,414.1
29-Jul-17 1:45:00 pm,416.0
29-Jul-17 2:00:00 pm,412.1
29-Jul-17 2:15:00 pm,414.1
29-Jul-17 2:30:00 pm,412.1
29-Jul-17 2:45:00 pm,414.1
29-Jul-17 3:00:00 pm,416.0
29-Jul-17 3:15:00 pm,416.0
29-Jul-17 3:30:00 pm,416.0
29-Jul-17 3:45:00 pm,418.0
29-Jul-17 4:00:00 pm,414.1
29-Jul-17 4:15:00 pm,414.1
29-Jul-17 4:30:00 pm,412.1
29-Jul-17 4:45:00 pm,414.1
29-Jul-17 5:00:00 pm,414.1
29-Jul-17 5:15:00 pm,414.1
29-Jul-17 5:30:00 pm,414.1
29-Jul-17 5:45:00 pm,418.0
29-Jul-17 6:00:00 pm,419.9
29-Jul-17 6:15:00 pm,416.0
29-Jul-17 6:30:00 pm,414.1
29-Jul-17 6:45:00 pm,416.0
29-Jul-17 7:00:00 pm,412.1
29-Jul-17 7:15:00 pm,412.1
29-Jul-17 7:30:00 pm,414.1
29-Jul-17 7:45:00 pm,412.1
29-Jul-17 8:00:00 pm,416.0
29-Jul-17 8:15:00 pm,418.0
29-Jul-17 8:30:00 pm,414.1
29-Jul-17 8:45:00 pm,416.0
29-Jul-17 9:00:00 pm,416.0
29-Jul-17 9:15:00 pm,414.1
29-Jul-17 9:30:00 pm,416.0
29-Jul-17 9:45:00 pm,418.0
29-Jul-17 10:00:00 pm,414.1
29-Jul-17 10:15:00 pm,416.0
29-Jul-17 10:30:00 pm,414.1
29-Jul-17 10:45:00 pm,414.1
29-Jul-17 11:00:00 pm,416.0
29-Jul-17 11:15:00 pm,416.0
29-Jul-17 11:30:00 pm,412.1
29-Jul-17 11:45:00 pm,414.1
30-Jul-17 12:00:00 am,416.0
30-Jul-17 12:15:00 am,418.0
30-Jul-17 12:30:00 am,416.0
30-Jul-17 12:45:00 am,419.9
30-Jul-17 1:00:00 am,418.0
30-Jul-17 1:15:00 am,416.0
30-Jul-17 1:30:00 am,418.0
30-Jul-17 1:45:00 am,414.1
30-Jul-17 2:00:01 am,419.9
30-Jul-17 2:15:00 am,421.9
30-Jul-17 2:30:00 am,423.8
30-Jul-17 2:45:00 am,421.9
30-Jul-17 3:00:00 am,423.8
30-Jul-17 3:15:00 am,421.9
30-Jul-17 3:30:00 am,421.9
30-Jul-17 3:45:00 am,421.9
30-Jul-17 4:00:00 am,419.9
30-Jul-17 4:15:00 am,418.0
30-Jul-17 4:30:00 am,423.8
30-Jul-17 4:45:00 am,427.7
30-Jul-17 5:00:00 am,423.8
30-Jul-17 5:15:00 am,423.8
30-Jul-17 5:30:00 am,423.8
30-Jul-17 5:45:00 am,425.8
30-Jul-17 6:00:00 am,425.8
30-Jul-17 6:15:00 am,423.8
30-Jul-17 6:30:00 am,425.8
30-Jul-17 6:45:00 am,425.8
30-Jul-17 7:00:00 am,425.8
30-Jul-17 7:15:00 am,425.8
30-Jul-17 7:30:00 am,423.8
30-Jul-17 7:45:00 am,427.7
30-Jul-17 8:00:00 am,423.8
30-Jul-17 8:15:00 am,423.8
30-Jul-17 8:30:00 am,425.8
30-Jul-17 8:45:00 am,425.8
30-Jul-17 9:00:00 am,425.8
30-Jul-17 9:15:00 am,423.8
30-Jul-17 9:30:00 am,425.8
30-Jul-17 9:45:00 am,423.8
30-Jul-17 10:00:00 am,423.8
30-Jul-17 10:15:00 am,421.9
30-Jul-17 10:30:00 am,423.8
30-Jul-17 10:45:00 am,419.9
30-Jul-17 11:00:00 am,419.9
30-Jul-17 11:15:00 am,419.9
30-Jul-17 11:30:00 am,421.9
30-Jul-17 11:45:00 am,419.9
30-Jul-17 12:00:00 pm,418.0
30-Jul-17 12:15:00 pm,419.9
30-Jul-17 12:30:00 pm,421.9
30-Jul-17 12:45:00 pm,419.9
30-Jul-17 1:00:00 pm,419.9
30-Jul-17 1:15:00 pm,416.0
30-Jul-17 1:30:00 pm,419.9
30-Jul-17 1:45:00 pm,419.9
30-Jul-17 2:00:00 pm,418.0
30-Jul-17 2:15:00 pm,419.9
30-Jul-17 2:30:00 pm,421.9
30-Jul-17 2:45:00 pm,421.9
30-Jul-17 3:00:00 pm,419.9
30-Jul-17 3:15:00 pm,418.0
30-Jul-17 3:30:00 pm,418.0
30-Jul-17 3:45:00 pm,419.9
30-Jul-17 4:00:00 pm,421.9
30-Jul-17 4:15:00 pm,421.9
30-Jul-17 4:30:00 pm,418.0
30-Jul-17 4:45:00 pm,416.0
30-Jul-17 5:00:00 pm,421.9
30-Jul-17 5:15:00 pm,418.0
30-Jul-17 5:30:00 pm,421.9
30-Jul-17 5:45:00 pm,421.9
30-Jul-17 6:00:00 pm,421.9
30-Jul-17 6:15:00 pm,431.6
30-Jul-17 6:30:00 pm,431.6
30-Jul-17 6:45:00 pm,437.5
30-Jul-17 7:00:00 pm,435.5
30-Jul-17 7:15:00 pm,429.7
30-Jul-17 7:30:00 pm,435.5
30-Jul-17 7:45:00 pm,437.5
30-Jul-17 8:00:00 pm,439.5
30-Jul-17 8:15:00 pm,445.3
30-Jul-17 8:30:00 pm,439.5
30-Jul-17 8:45:00 pm,441.4
30-Jul-17 9:00:00 pm,451.2
30-Jul-17 9:15:00 pm,451.2
30-Jul-17 9:30:00 pm,453.1
30-Jul-17 9:45:00 pm,447.3
30-Jul-17 10:00:00 pm,453.1
30-Jul-17 10:15:00 pm,455.1
30-Jul-17 10:30:00 pm,447.3
30-Jul-17 10:45:00 pm,453.1
30-Jul-17 11:00:00 pm,449.2
30-Jul-17 11:15:00 pm,449.2
30-Jul-17 11:30:00 pm,449.2
30-Jul-17 11:45:00 pm,451.2
31-Jul-17 12:00:00 am,457.0
31-Jul-17 12:15:00 am,457.0
31-Jul-17 12:30:00 am,457.0
31-Jul-17 12:45:00 am,451.2
31-Jul-17 1:00:00 am,445.3
31-Jul-17 1:15:00 am,443.4
31-Jul-17 1:30:00 am,443.4
31-Jul-17 1:45:00 am,441.4
31-Jul-17 2:00:00 am,441.4
31-Jul-17 2:15:00 am,437.5
31-Jul-17 2:30:00 am,439.5
31-Jul-17 2:45:00 am,437.5
31-Jul-17 3:00:00 am,435.5
31-Jul-17 3:15:00 am,435.5
31-Jul-17 3:30:00 am,435.5
31-Jul-17 3:45:00 am,435.5
31-Jul-17 4:00:00 am,439.5
31-Jul-17 4:15:00 am,445.3
31-Jul-17 4:30:00 am,441.4
31-Jul-17 4:45:00 am,441.4
31-Jul-17 5:00:00 am,441.4
31-Jul-17 5:15:00 am,449.2
31-Jul-17 5:30:00 am,462.9
31-Jul-17 5:45:00 am,466.8
31-Jul-17 6:00:00 am,476.6
31-Jul-17 6:15:00 am,482.4
31-Jul-17 6:30:00 am,472.7
31-Jul-17 6:45:00 am,464.8
31-Jul-17 7:00:00 am,466.8
31-Jul-17 7:15:00 am,466.8
31-Jul-17 7:30:00 am,474.6
31-Jul-17 7:45:00 am,484.4
31-Jul-17 8:00:00 am,486.3
31-Jul-17 8:15:00 am,529.3
31-Jul-17 8:30:00 am,546.9
31-Jul-17 8:45:00 am,580.1
31-Jul-17 9:00:00 am,607.4
31-Jul-17 9:15:00 am,609.4
31-Jul-17 9:30:00 am,582.0
31-Jul-17 9:45:00 am,574.2
31-Jul-17 10:00:00 am,582.0
31-Jul-17 10:15:00 am,789.1
31-Jul-17 10:30:00 am,734.4
31-Jul-17 10:45:00 am,730.5
31-Jul-17 11:00:00 am,699.2
31-Jul-17 11:15:00 am,709.0
31-Jul-17 11:30:00 am,722.7
31-Jul-17 11:45:00 am,726.6
31-Jul-17 12:00:00 pm,697.3
31-Jul-17 12:15:00 pm,744.1
31-Jul-17 12:30:00 pm,736.3
31-Jul-17 12:45:00 pm,730.5
31-Jul-17 1:00:00 pm,685.5
31-Jul-17 1:15:00 pm,886.7
31-Jul-17 1:30:00 pm,822.3
31-Jul-17 1:45:00 pm,769.5
31-Jul-17 2:00:00 pm,683.6
31-Jul-17 2:15:00 pm,763.7
31-Jul-17 2:30:00 pm,730.5
31-Jul-17 2:45:00 pm,738.3
31-Jul-17 3:00:00 pm,742.2
31-Jul-17 3:15:00 pm,736.3
31-Jul-17 3:30:00 pm,738.3
31-Jul-17 3:45:00 pm,730.5
31-Jul-17 4:00:00 pm,685.5
31-Jul-17 4:15:00 pm,773.4
31-Jul-17 4:30:00 pm,734.4
31-Jul-17 4:45:00 pm,724.6
31-Jul-17 5:00:00 pm,722.7
31-Jul-17 5:15:00 pm,740.2
31-Jul-17 5:30:00 pm,720.7
31-Jul-17 5:45:00 pm,734.4
31-Jul-17 6:00:00 pm,611.3
31-Jul-17 6:15:00 pm,570.3
31-Jul-17 6:30:00 pm,537.1
31-Jul-17 6:45:00 pm,521.5
31-Jul-17 7:00:00 pm,515.6
31-Jul-17 7:15:00 pm,502.0
31-Jul-17 7:30:00 pm,490.2
31-Jul-17 7:45:00 pm,484.4
31-Jul-17 8:00:00 pm,474.6
31-Jul-17 8:15:00 pm,470.7
31-Jul-17 8:30:00 pm,472.7
31-Jul-17 8:45:00 pm,472.7
31-Jul-17 9:00:00 pm,466.8
31-Jul-17 9:15:00 pm,460.9
31-Jul-17 9:30:00 pm,460.9
31-Jul-17 9:45:00 pm,464.8
31-Jul-17 10:00:00 pm,460.9
31-Jul-17 10:15:00 pm,464.8
31-Jul-17 10:30:00 pm,460.9
31-Jul-17 10:45:00 pm,459.0
31-Jul-17 11:00:00 pm,455.1
31-Jul-17 11:15:00 pm,455.1
31-Jul-17 11:30:00 pm,482.4
31-Jul-17 11:45:00 pm,513.7
01-Aug-17 12:00:00 am,519.5
01-Aug-17 12:15:00 am,519.5
01-Aug-17 12:30:00 am,515.6
01-Aug-17 12:45:00 am,509.8
01-Aug-17 1:00:00 am,507.8
01-Aug-17 1:15:00 am,511.7
01-Aug-17 1:30:00 am,515.6
01-Aug-17 1:45:00 am,509.8
01-Aug-17 2:00:01 am,509.8
01-Aug-17 2:15:00 am,515.6
01-Aug-17 2:30:00 am,505.9
01-Aug-17 2:45:00 am,502.0
01-Aug-17 3:00:00 am,494.1
01-Aug-17 3:15:00 am,486.3
01-Aug-17 3:30:00 am,484.4
01-Aug-17 3:45:00 am,478.5
01-Aug-17 4:00:00 am,478.5
01-Aug-17 4:15:00 am,474.6
01-Aug-17 4:30:00 am,476.6
01-Aug-17 4:45:00 am,474.6
01-Aug-17 5:00:00 am,478.5
01-Aug-17 5:15:00 am,472.7
01-Aug-17 5:30:00 am,470.7
01-Aug-17 5:45:00 am,464.8
01-Aug-17 6:00:00 am,464.8
01-Aug-17 6:15:00 am,464.8
01-Aug-17 6:30:00 am,468.8
01-Aug-17 6:45:00 am,466.8
01-Aug-17 7:00:00 am,470.7
01-Aug-17 7:15:00 am,472.7
01-Aug-17 7:30:00 am,472.7
01-Aug-17 7:45:00 am,464.8
01-Aug-17 8:00:00 am,470.7
01-Aug-17 8:15:00 am,705.1
01-Aug-17 8:30:00 am,716.8
01-Aug-17 8:45:00 am,701.2
01-Aug-17 9:00:00 am,716.8
01-Aug-17 9:15:00 am,710.9
01-Aug-17 9:30:00 am,710.9
01-Aug-17 9:45:00 am,705.1
01-Aug-17 10:00:00 am,701.2
01-Aug-17 10:15:00 am,744.1
01-Aug-17 10:30:00 am,709.0
01-Aug-17 10:45:00 am,720.7
01-Aug-17 11:00:00 am,699.2
01-Aug-17 11:15:00 am,585.9
01-Aug-17 11:30:00 am,552.7
01-Aug-17 11:45:00 am,560.5
01-Aug-17 12:00:00 pm,644.5
01-Aug-17 12:15:00 pm,"1,066.4"
01-Aug-17 12:30:00 pm,939.5
01-Aug-17 12:45:00 pm,943.4
01-Aug-17 1:00:00 pm,849.6
01-Aug-17 1:15:00 pm,859.4
01-Aug-17 1:30:00 pm,818.4
01-Aug-17 1:45:00 pm,779.3
01-Aug-17 2:00:00 pm,740.2
01-Aug-17 2:15:00 pm,566.4
01-Aug-17 2:30:00 pm,529.3
01-Aug-17 2:45:00 pm,523.4
01-Aug-17 3:00:00 pm,509.8
01-Aug-17 3:15:00 pm,505.9
01-Aug-17 3:30:00 pm,601.6
01-Aug-17 3:45:00 pm,818.4
01-Aug-17 4:00:00 pm,736.3
01-Aug-17 4:15:00 pm,742.2
01-Aug-17 4:30:00 pm,744.1
01-Aug-17 4:45:00 pm,742.2
01-Aug-17 5:00:00 pm,703.1
01-Aug-17 5:15:00 pm,673.8
01-Aug-17 5:30:00 pm,660.2
01-Aug-17 5:45:00 pm,488.3
01-Aug-17 6:00:00 pm,468.8
01-Aug-17 6:15:00 pm,464.8
01-Aug-17 6:30:00 pm,474.6
01-Aug-17 6:45:00 pm,476.6
01-Aug-17 7:00:00 pm,476.6
01-Aug-17 7:15:00 pm,484.4
01-Aug-17 7:30:00 pm,482.4
01-Aug-17 7:45:00 pm,476.6
01-Aug-17 8:00:00 pm,476.6
01-Aug-17 8:15:00 pm,482.4
01-Aug-17 8:30:00 pm,482.4
01-Aug-17 8:45:00 pm,478.5
01-Aug-17 9:00:00 pm,474.6
01-Aug-17 9:15:00 pm,464.8
01-Aug-17 9:30:00 pm,462.9
01-Aug-17 9:45:00 pm,460.9
01-Aug-17 10:00:00 pm,462.9
01-Aug-17 10:15:00 pm,462.9
01-Aug-17 10:30:00 pm,462.9
01-Aug-17 10:45:00 pm,464.8
01-Aug-17 11:00:00 pm,460.9
01-Aug-17 11:15:00 pm,464.8
01-Aug-17 11:30:00 pm,464.8
01-Aug-17 11:45:00 pm,460.9
02-Aug-17 12:00:00 am,470.7
02-Aug-17 12:15:00 am,476.6
02-Aug-17 12:30:00 am,476.6
02-Aug-17 12:45:00 am,476.6
02-Aug-17 1:00:00 am,470.7
02-Aug-17 1:15:00 am,468.8
02-Aug-17 1:30:00 am,476.6
02-Aug-17 1:45:00 am,472.7
02-Aug-17 2:00:00 am,470.7
02-Aug-17 2:15:00 am,474.6
02-Aug-17 2:30:00 am,474.6
02-Aug-17 2:45:00 am,470.7
02-Aug-17 3:00:00 am,484.4
02-Aug-17 3:15:00 am,480.5
02-Aug-17 3:30:00 am,486.3
02-Aug-17 3:45:00 am,498.0
02-Aug-17 4:00:00 am,503.9
02-Aug-17 4:15:00 am,505.9
02-Aug-17 4:30:00 am,513.7
02-Aug-17 4:45:00 am,511.7
02-Aug-17 5:00:00 am,509.8
02-Aug-17 5:15:00 am,507.8
02-Aug-17 5:30:00 am,503.9
02-Aug-17 5:45:00 am,496.1
02-Aug-17 6:00:00 am,488.3
02-Aug-17 6:15:00 am,500.0
02-Aug-17 6:30:00 am,500.0
02-Aug-17 6:45:00 am,492.2
02-Aug-17 7:00:00 am,490.2
02-Aug-17 7:15:00 am,490.2
02-Aug-17 7:30:00 am,490.2
02-Aug-17 7:45:00 am,492.2
02-Aug-17 8:00:00 am,527.3
02-Aug-17 8:15:00 am,570.3
02-Aug-17 8:30:00 am,613.3
02-Aug-17 8:45:00 am,617.2
02-Aug-17 9:00:00 am,619.1
02-Aug-17 9:15:00 am,673.8
02-Aug-17 9:30:00 am,664.1
02-Aug-17 9:45:00 am,664.1
02-Aug-17 10:00:00 am,679.7
02-Aug-17 10:15:00 am,742.2
02-Aug-17 10:30:00 am,730.5
02-Aug-17 10:45:00 am,726.6
02-Aug-17 11:00:00 am,724.6
02-Aug-17 11:15:00 am,716.8
02-Aug-17 11:30:00 am,714.8
02-Aug-17 11:45:00 am,716.8
02-Aug-17 12:00:00 pm,724.6
02-Aug-17 12:15:00 pm,736.3
02-Aug-17 12:30:00 pm,693.4
02-Aug-17 12:45:00 pm,697.3
02-Aug-17 1:00:00 pm,695.3
02-Aug-17 1:15:00 pm,835.9
02-Aug-17 1:30:00 pm,808.6
02-Aug-17 1:45:00 pm,779.3
02-Aug-17 2:00:00 pm,793.0
02-Aug-17 2:15:00 pm,691.4
02-Aug-17 2:30:00 pm,695.3
02-Aug-17 2:45:00 pm,685.5
02-Aug-17 3:00:00 pm,705.1
02-Aug-17 3:15:00 pm,679.7
02-Aug-17 3:30:00 pm,703.1
02-Aug-17 3:45:00 pm,689.5
02-Aug-17 4:00:00 pm,660.2
02-Aug-17 4:15:00 pm,707.0
02-Aug-17 4:30:00 pm,689.5
02-Aug-17 4:45:00 pm,697.3
02-Aug-17 5:00:00 pm,701.2
02-Aug-17 5:15:00 pm,703.1
02-Aug-17 5:30:00 pm,675.8
02-Aug-17 5:45:00 pm,679.7
02-Aug-17 6:00:00 pm,652.3
02-Aug-17 6:15:00 pm,585.9
02-Aug-17 6:30:00 pm,548.8
02-Aug-17 6:45:00 pm,529.3
02-Aug-17 7:00:00 pm,519.5
02-Aug-17 7:15:00 pm,517.6
02-Aug-17 7:30:00 pm,509.8
02-Aug-17 7:45:00 pm,503.9
02-Aug-17 8:00:00 pm,502.0
02-Aug-17 8:15:00 pm,500.0
02-Aug-17 8:30:00 pm,505.9
02-Aug-17 8:45:00 pm,531.3
02-Aug-17 9:00:00 pm,523.4
02-Aug-17 9:15:00 pm,527.3
02-Aug-17 9:30:00 pm,564.5
02-Aug-17 9:45:00 pm,564.5
02-Aug-17 10:00:00 pm,576.2
02-Aug-17 10:15:00 pm,560.5
02-Aug-17 10:30:00 pm,566.4
02-Aug-17 10:45:00 pm,560.5
02-Aug-17 11:00:00 pm,550.8
02-Aug-17 11:15:00 pm,525.4
02-Aug-17 11:30:00 pm,529.3
02-Aug-17 11:45:00 pm,544.9
03-Aug-17 12:00:00 am,546.9
03-Aug-17 12:15:00 am,531.3
03-Aug-17 12:30:00 am,548.8
03-Aug-17 12:45:00 am,558.6
03-Aug-17 1:00:00 am,552.7
03-Aug-17 1:15:00 am,543.0
03-Aug-17 1:30:00 am,537.1
03-Aug-17 1:45:00 am,523.4
03-Aug-17 2:00:07 am,507.8
03-Aug-17 2:15:00 am,503.9
03-Aug-17 2:30:00 am,494.1
03-Aug-17 2:45:00 am,486.3
03-Aug-17 3:00:00 am,486.3
03-Aug-17 3:15:00 am,480.5
03-Aug-17 3:30:00 am,478.5
03-Aug-17 3:45:00 am,480.5
03-Aug-17 4:00:00 am,470.7
03-Aug-17 4:15:00 am,472.7
03-Aug-17 4:30:00 am,490.2
03-Aug-17 4:45:00 am,484.4
03-Aug-17 5:00:00 am,478.5
03-Aug-17 5:15:00 am,468.8
03-Aug-17 5:30:00 am,460.9
03-Aug-17 5:45:00 am,480.5
03-Aug-17 6:00:00 am,474.6
03-Aug-17 6:15:00 am,470.7
03-Aug-17 6:30:00 am,486.3
03-Aug-17 6:45:00 am,494.1
03-Aug-17 7:00:00 am,502.0
03-Aug-17 7:15:00 am,502.0
03-Aug-17 7:30:00 am,503.9
03-Aug-17 7:45:00 am,513.7
03-Aug-17 8:00:00 am,511.7
03-Aug-17 8:15:00 am,701.2
03-Aug-17 8:30:00 am,707.0
03-Aug-17 8:45:00 am,705.1
03-Aug-17 9:00:00 am,724.6
03-Aug-17 9:15:00 am,796.9
03-Aug-17 9:30:00 am,775.4
03-Aug-17 9:45:00 am,767.6
03-Aug-17 10:00:00 am,746.1
03-Aug-17 10:15:00 am,787.1
03-Aug-17 10:30:00 am,763.7
03-Aug-17 10:45:00 am,753.9
03-Aug-17 11:00:00 am,742.2
03-Aug-17 11:15:00 am,746.1
03-Aug-17 11:30:00 am,722.7
03-Aug-17 11:45:00 am,716.8
03-Aug-17 12:00:00 pm,720.7
03-Aug-17 12:15:00 pm,722.7
03-Aug-17 12:30:00 pm,716.8
03-Aug-17 12:45:00 pm,716.8
03-Aug-17 1:00:00 pm,668.0
03-Aug-17 1:15:00 pm,771.5
03-Aug-17 1:30:00 pm,734.4
03-Aug-17 1:45:00 pm,730.5
03-Aug-17 2:00:00 pm,714.8
03-Aug-17 2:15:00 pm,740.2
03-Aug-17 2:30:00 pm,720.7
03-Aug-17 2:45:00 pm,726.6
03-Aug-17 3:00:00 pm,738.3
03-Aug-17 3:15:00 pm,730.5
03-Aug-17 3:30:00 pm,718.8
03-Aug-17 3:45:00 pm,709.0
03-Aug-17 4:00:00 pm,648.4
03-Aug-17 4:15:00 pm,734.4
03-Aug-17 4:30:00 pm,724.6
03-Aug-17 4:45:00 pm,707.0
03-Aug-17 5:00:00 pm,709.0
03-Aug-17 5:15:00 pm,705.1
03-Aug-17 5:30:01 pm,681.6
03-Aug-17 5:45:00 pm,601.6
03-Aug-17 6:00:00 pm,564.5
03-Aug-17 6:15:00 pm,539.1
03-Aug-17 6:30:00 pm,509.8
03-Aug-17 6:45:00 pm,488.3
03-Aug-17 7:00:00 pm,474.6
03-Aug-17 7:15:00 pm,484.4
03-Aug-17 7:30:00 pm,507.8
03-Aug-17 7:45:00 pm,517.6
03-Aug-17 8:00:00 pm,503.9
03-Aug-17 8:15:00 pm,500.0
03-Aug-17 8:30:00 pm,502.0
03-Aug-17 8:45:00 pm,500.0
03-Aug-17 9:00:00 pm,496.1
03-Aug-17 9:15:00 pm,494.1
03-Aug-17 9:30:00 pm,496.1
03-Aug-17 9:45:00 pm,498.0
03-Aug-17 10:00:00 pm,496.1
03-Aug-17 10:15:00 pm,494.1
03-Aug-17 10:30:00 pm,500.0
03-Aug-17 10:45:00 pm,554.7
03-Aug-17 11:00:00 pm,533.2
03-Aug-17 11:15:00 pm,498.0
03-Aug-17 11:30:00 pm,474.6
03-Aug-17 11:45:00 pm,449.2
04-Aug-17 12:00:00 am,443.4
04-Aug-17 12:15:00 am,453.1
04-Aug-17 12:30:00 am,453.1
04-Aug-17 12:45:00 am,464.8
04-Aug-17 1:00:00 am,457.0
04-Aug-17 1:15:00 am,451.2
04-Aug-17 1:30:00 am,445.3
04-Aug-17 1:45:00 am,447.3
04-Aug-17 2:00:01 am,459.0
04-Aug-17 2:15:00 am,462.9
04-Aug-17 2:30:00 am,460.9
04-Aug-17 2:45:00 am,460.9
04-Aug-17 3:00:00 am,462.9
04-Aug-17 3:15:00 am,462.9
04-Aug-17 3:30:00 am,459.0
04-Aug-17 3:45:00 am,453.1
04-Aug-17 4:00:00 am,453.1
04-Aug-17 4:15:00 am,451.2
04-Aug-17 4:30:00 am,453.1
04-Aug-17 4:45:00 am,447.3
04-Aug-17 5:00:00 am,445.3
04-Aug-17 5:15:00 am,447.3
04-Aug-17 5:30:00 am,449.2
04-Aug-17 5:45:00 am,449.2
04-Aug-17 6:00:00 am,447.3
04-Aug-17 6:15:00 am,447.3
04-Aug-17 6:30:00 am,449.2
04-Aug-17 6:45:00 am,449.2
04-Aug-17 7:00:00 am,459.0
04-Aug-17 7:15:00 am,457.0
04-Aug-17 7:30:00 am,457.0
04-Aug-17 7:45:00 am,457.0
04-Aug-17 8:00:00 am,457.0
04-Aug-17 8:15:00 am,580.1
04-Aug-17 8:30:00 am,615.2
04-Aug-17 8:45:00 am,642.6
04-Aug-17 9:00:00 am,646.5
04-Aug-17 9:15:00 am,644.5
04-Aug-17 9:30:00 am,648.4
04-Aug-17 9:45:00 am,644.5
04-Aug-17 10:00:00 am,597.7
04-Aug-17 10:15:00 am,632.8
04-Aug-17 10:30:00 am,675.8
04-Aug-17 10:45:00 am,669.9
04-Aug-17 11:00:00 am,658.2
04-Aug-17 11:15:00 am,658.2
04-Aug-17 11:30:00 am,662.1
04-Aug-17 11:45:00 am,650.4
04-Aug-17 12:00:00 pm,636.7
04-Aug-17 12:15:00 pm,683.6
04-Aug-17 12:30:00 pm,673.8
04-Aug-17 12:45:00 pm,669.9
04-Aug-17 1:00:00 pm,658.2
04-Aug-17 1:15:00 pm,669.9
04-Aug-17 1:30:00 pm,654.3
04-Aug-17 1:45:00 pm,646.5
04-Aug-17 2:00:00 pm,562.5
04-Aug-17 2:15:00 pm,671.9
04-Aug-17 2:30:00 pm,664.1
04-Aug-17 2:45:00 pm,681.6
04-Aug-17 3:00:00 pm,576.2
04-Aug-17 3:15:00 pm,642.6
04-Aug-17 3:30:00 pm,634.8
04-Aug-17 3:45:00 pm,642.6
04-Aug-17 4:00:00 pm,638.7
04-Aug-17 4:15:00 pm,554.7
04-Aug-17 4:30:00 pm,502.0
04-Aug-17 4:45:00 pm,472.7
04-Aug-17 5:00:00 pm,462.9
04-Aug-17 5:15:00 pm,447.3
04-Aug-17 5:30:00 pm,439.5
04-Aug-17 5:45:00 pm,441.4
04-Aug-17 6:00:00 pm,439.5
04-Aug-17 6:15:00 pm,433.6
04-Aug-17 6:30:00 pm,433.6
04-Aug-17 6:45:00 pm,429.7
04-Aug-17 7:00:00 pm,431.6
04-Aug-17 7:15:00 pm,427.7
04-Aug-17 7:30:00 pm,425.8
04-Aug-17 7:45:00 pm,423.8
04-Aug-17 8:00:00 pm,421.9
04-Aug-17 8:15:00 pm,421.9
04-Aug-17 8:30:00 pm,421.9
04-Aug-17 8:45:00 pm,421.9
04-Aug-17 9:00:00 pm,421.9
04-Aug-17 9:15:00 pm,423.8
04-Aug-17 9:30:00 pm,421.9
04-Aug-17 9:45:00 pm,425.8
04-Aug-17 10:00:00 pm,423.8
04-Aug-17 10:15:00 pm,421.9
04-Aug-17 10:30:00 pm,421.9
04-Aug-17 10:45:00 pm,419.9
04-Aug-17 11:00:00 pm,419.9
04-Aug-17 11:15:00 pm,421.9
04-Aug-17 11:30:00 pm,419.9
04-Aug-17 11:45:00 pm,423.8
05-Aug-17 12:00:00 am,419.9
05-Aug-17 12:15:00 am,416.0
05-Aug-17 12:30:00 am,419.9
05-Aug-17 12:45:00 am,425.8
05-Aug-17 1:00:00 am,425.8
05-Aug-17 1:15:00 am,423.8
05-Aug-17 1:30:00 am,427.7
05-Aug-17 1:45:00 am,421.9
05-Aug-17 2:00:00 am,425.8
05-Aug-17 2:15:00 am,421.9
05-Aug-17 2:30:00 am,423.8
05-Aug-17 2:45:00 am,425.8
05-Aug-17 3:00:00 am,425.8
05-Aug-17 3:15:00 am,419.9
05-Aug-17 3:30:00 am,423.8
05-Aug-17 3:45:00 am,423.8
05-Aug-17 4:00:00 am,423.8
05-Aug-17 4:15:00 am,425.8
05-Aug-17 4:30:00 am,427.7
05-Aug-17 4:45:00 am,427.7
05-Aug-17 5:00:00 am,427.7
05-Aug-17 5:15:00 am,427.7
05-Aug-17 5:30:00 am,423.8
05-Aug-17 5:45:00 am,427.7
05-Aug-17 6:00:00 am,427.7
05-Aug-17 6:15:00 am,425.8
05-Aug-17 6:30:00 am,427.7
05-Aug-17 6:45:00 am,425.8
05-Aug-17 7:00:00 am,425.8
05-Aug-17 7:15:00 am,425.8
05-Aug-17 7:30:00 am,427.7
05-Aug-17 7:45:00 am,431.6
05-Aug-17 8:00:00 am,429.7
05-Aug-17 8:15:00 am,439.5
05-Aug-17 8:30:00 am,435.5
05-Aug-17 8:45:00 am,433.6
05-Aug-17 9:00:00 am,429.7
05-Aug-17 9:15:00 am,431.6
05-Aug-17 9:30:00 am,429.7
05-Aug-17 9:45:00 am,427.7
05-Aug-17 10:00:00 am,427.7
05-Aug-17 10:15:00 am,425.8
05-Aug-17 10:30:00 am,423.8
05-Aug-17 10:45:00 am,421.9
05-Aug-17 11:00:00 am,421.9
05-Aug-17 11:15:00 am,423.8
05-Aug-17 11:30:00 am,423.8
05-Aug-17 11:45:00 am,421.9
05-Aug-17 12:00:00 pm,421.9
05-Aug-17 12:15:00 pm,421.9
05-Aug-17 12:30:00 pm,419.9
05-Aug-17 12:45:00 pm,421.9
05-Aug-17 1:00:00 pm,416.0
05-Aug-17 1:15:00 pm,419.9
05-Aug-17 1:30:00 pm,419.9
05-Aug-17 1:45:00 pm,418.0
05-Aug-17 2:00:00 pm,416.0
05-Aug-17 2:15:00 pm,418.0
05-Aug-17 2:30:00 pm,416.0
05-Aug-17 2:45:00 pm,416.0
05-Aug-17 3:00:00 pm,419.9
05-Aug-17 3:15:00 pm,416.0
05-Aug-17 3:30:00 pm,416.0
05-Aug-17 3:45:00 pm,416.0
05-Aug-17 4:00:00 pm,418.0
05-Aug-17 4:15:00 pm,418.0
05-Aug-17 4:30:00 pm,416.0
05-Aug-17 4:45:00 pm,418.0
05-Aug-17 5:00:00 pm,414.1
05-Aug-17 5:15:00 pm,416.0
05-Aug-17 5:30:00 pm,418.0
05-Aug-17 5:45:00 pm,419.9
05-Aug-17 6:00:00 pm,418.0
05-Aug-17 6:15:00 pm,416.0
05-Aug-17 6:30:00 pm,418.0
05-Aug-17 6:45:00 pm,419.9
05-Aug-17 7:00:00 pm,421.9
05-Aug-17 7:15:00 pm,423.8
05-Aug-17 7:30:00 pm,418.0
05-Aug-17 7:45:00 pm,419.9
05-Aug-17 8:00:00 pm,423.8
05-Aug-17 8:15:00 pm,419.9
05-Aug-17 8:30:00 pm,421.9
05-Aug-17 8:45:00 pm,419.9
05-Aug-17 9:00:00 pm,418.0
05-Aug-17 9:15:00 pm,414.1
05-Aug-17 9:30:00 pm,419.9
05-Aug-17 9:45:00 pm,416.0
05-Aug-17 10:00:00 pm,418.0
05-Aug-17 10:15:00 pm,414.1
05-Aug-17 10:30:00 pm,414.1
05-Aug-17 10:45:00 pm,416.0
05-Aug-17 11:00:00 pm,414.1
05-Aug-17 11:15:00 pm,414.1
05-Aug-17 11:30:00 pm,414.1
05-Aug-17 11:45:00 pm,414.1
06-Aug-17 12:00:00 am,416.0
06-Aug-17 12:15:00 am,416.0
06-Aug-17 12:30:00 am,416.0
06-Aug-17 12:45:00 am,418.0
06-Aug-17 1:00:00 am,419.9
06-Aug-17 1:15:00 am,416.0
06-Aug-17 1:30:00 am,418.0
06-Aug-17 1:45:00 am,418.0
06-Aug-17 2:00:01 am,418.0
06-Aug-17 2:15:00 am,418.0
06-Aug-17 2:30:00 am,419.9
06-Aug-17 2:45:00 am,418.0
06-Aug-17 3:00:00 am,418.0
06-Aug-17 3:15:00 am,419.9
06-Aug-17 3:30:00 am,419.9
06-Aug-17 3:45:00 am,418.0
06-Aug-17 4:00:00 am,419.9
06-Aug-17 4:15:00 am,419.9
06-Aug-17 4:30:00 am,419.9
06-Aug-17 4:45:00 am,419.9
06-Aug-17 5:00:00 am,421.9
06-Aug-17 5:15:00 am,419.9
06-Aug-17 5:30:00 am,421.9
06-Aug-17 5:45:00 am,419.9
06-Aug-17 6:00:00 am,416.0
06-Aug-17 6:15:00 am,419.9
06-Aug-17 6:30:00 am,419.9
06-Aug-17 6:45:00 am,419.9
06-Aug-17 7:00:00 am,421.9
06-Aug-17 7:15:00 am,421.9
06-Aug-17 7:30:00 am,421.9
06-Aug-17 7:45:00 am,421.9
06-Aug-17 8:00:00 am,423.8
06-Aug-17 8:15:00 am,425.8
06-Aug-17 8:30:00 am,427.7
06-Aug-17 8:45:00 am,423.8
06-Aug-17 9:00:00 am,421.9
06-Aug-17 9:15:00 am,421.9
06-Aug-17 9:30:00 am,423.8
06-Aug-17 9:45:00 am,423.8
06-Aug-17 10:00:00 am,419.9
06-Aug-17 10:15:00 am,419.9
06-Aug-17 10:30:00 am,421.9
06-Aug-17 10:45:00 am,427.7
06-Aug-17 11:00:00 am,431.6
06-Aug-17 11:15:00 am,449.2
06-Aug-17 11:30:00 am,511.7
06-Aug-17 11:45:00 am,582.0
06-Aug-17 12:00:00 pm,603.5
06-Aug-17 12:15:00 pm,566.4
06-Aug-17 12:30:00 pm,613.3
06-Aug-17 12:45:00 pm,562.5
06-Aug-17 1:00:00 pm,523.4
06-Aug-17 1:15:00 pm,585.9
06-Aug-17 1:30:00 pm,668.0
06-Aug-17 1:45:00 pm,527.3
06-Aug-17 2:00:00 pm,525.4
06-Aug-17 2:15:00 pm,587.9
06-Aug-17 2:30:00 pm,529.3
06-Aug-17 2:45:00 pm,498.0
06-Aug-17 3:00:00 pm,496.1
06-Aug-17 3:15:00 pm,474.6
06-Aug-17 3:30:00 pm,511.7
06-Aug-17 3:45:00 pm,498.0
06-Aug-17 4:00:00 pm,502.0
06-Aug-17 4:15:00 pm,472.7
06-Aug-17 4:30:00 pm,457.0
06-Aug-17 4:45:00 pm,455.1
06-Aug-17 5:00:00 pm,447.3
06-Aug-17 5:15:00 pm,441.4
06-Aug-17 5:30:00 pm,431.6
06-Aug-17 5:45:00 pm,429.7
06-Aug-17 6:00:00 pm,429.7
06-Aug-17 6:15:00 pm,427.7
06-Aug-17 6:30:00 pm,431.6
06-Aug-17 6:45:00 pm,425.8
06-Aug-17 7:00:00 pm,425.8
06-Aug-17 7:15:00 pm,427.7
06-Aug-17 7:30:00 pm,425.8
06-Aug-17 7:45:00 pm,421.9
06-Aug-17 8:00:00 pm,419.9
06-Aug-17 8:15:00 pm,416.0
06-Aug-17 8:30:00 pm,414.1
06-Aug-17 8:45:00 pm,416.0
06-Aug-17 9:00:00 pm,418.0
06-Aug-17 9:15:00 pm,418.0
06-Aug-17 9:30:00 pm,421.9
06-Aug-17 9:45:00 pm,421.9
06-Aug-17 10:00:00 pm,419.9
06-Aug-17 10:15:00 pm,421.9
06-Aug-17 10:30:00 pm,418.0
06-Aug-17 10:45:00 pm,418.0
06-Aug-17 11:00:00 pm,421.9
06-Aug-17 11:15:00 pm,419.9
06-Aug-17 11:30:00 pm,419.9
06-Aug-17 11:45:00 pm,418.0
07-Aug-17 12:00:00 am,419.9
07-Aug-17 12:15:00 am,421.9
07-Aug-17 12:30:00 am,418.0
07-Aug-17 12:45:00 am,419.9
07-Aug-17 1:00:00 am,419.9
07-Aug-17 1:15:00 am,419.9
07-Aug-17 1:30:00 am,421.9
07-Aug-17 1:45:00 am,418.0
07-Aug-17 2:00:00 am,419.9
07-Aug-17 2:15:00 am,419.9
07-Aug-17 2:30:00 am,421.9
07-Aug-17 2:45:00 am,419.9
07-Aug-17 3:00:00 am,419.9
07-Aug-17 3:15:00 am,418.0
07-Aug-17 3:30:00 am,421.9
07-Aug-17 3:45:00 am,419.9
07-Aug-17 4:00:00 am,418.0
07-Aug-17 4:15:00 am,418.0
07-Aug-17 4:30:00 am,419.9
07-Aug-17 4:45:00 am,421.9
07-Aug-17 5:00:00 am,421.9
07-Aug-17 5:15:00 am,419.9
07-Aug-17 5:30:00 am,419.9
07-Aug-17 5:45:00 am,418.0
07-Aug-17 6:00:00 am,421.9
07-Aug-17 6:15:00 am,423.8
07-Aug-17 6:30:00 am,425.8
07-Aug-17 6:45:00 am,423.8
07-Aug-17 7:00:00 am,427.7
07-Aug-17 7:15:00 am,433.6
07-Aug-17 7:30:00 am,437.5
07-Aug-17 7:45:00 am,431.6
07-Aug-17 8:00:00 am,431.6
07-Aug-17 8:15:00 am,478.5
07-Aug-17 8:30:00 am,484.4
07-Aug-17 8:45:00 am,484.4
07-Aug-17 9:00:00 am,490.2
07-Aug-17 9:15:00 am,500.0
07-Aug-17 9:30:00 am,502.0
07-Aug-17 9:45:00 am,498.0
07-Aug-17 10:00:00 am,500.0
07-Aug-17 10:15:00 am,673.8
07-Aug-17 10:30:00 am,701.2
07-Aug-17 10:45:00 am,683.6
07-Aug-17 11:00:00 am,662.1
07-Aug-17 11:15:00 am,660.2
07-Aug-17 11:30:00 am,656.3
07-Aug-17 11:45:00 am,646.5
07-Aug-17 12:00:00 pm,593.8
07-Aug-17 12:15:00 pm,703.1
07-Aug-17 12:30:00 pm,673.8
07-Aug-17 12:45:00 pm,677.7
07-Aug-17 1:00:00 pm,662.1
07-Aug-17 1:15:00 pm,767.6
07-Aug-17 1:30:00 pm,716.8
07-Aug-17 1:45:00 pm,709.0
07-Aug-17 2:00:00 pm,716.8
07-Aug-17 2:15:00 pm,685.5
07-Aug-17 2:30:00 pm,683.6
07-Aug-17 2:45:00 pm,710.9
07-Aug-17 3:00:00 pm,709.0
07-Aug-17 3:15:00 pm,716.8
07-Aug-17 3:30:00 pm,709.0
07-Aug-17 3:45:00 pm,685.5
07-Aug-17 4:00:00 pm,683.6
07-Aug-17 4:15:00 pm,703.1
07-Aug-17 4:30:00 pm,687.5
07-Aug-17 4:45:00 pm,679.7
07-Aug-17 5:00:00 pm,679.7
07-Aug-17 5:15:00 pm,693.4
07-Aug-17 5:30:00 pm,681.6
07-Aug-17 5:45:00 pm,689.5
07-Aug-17 6:00:00 pm,683.6
07-Aug-17 6:15:00 pm,576.2
07-Aug-17 6:30:00 pm,527.3
07-Aug-17 6:45:00 pm,494.1
07-Aug-17 7:00:00 pm,470.7
07-Aug-17 7:15:00 pm,457.0
07-Aug-17 7:30:00 pm,447.3
07-Aug-17 7:45:00 pm,437.5
07-Aug-17 8:00:00 pm,439.5
07-Aug-17 8:15:00 pm,437.5
07-Aug-17 8:30:00 pm,441.4
07-Aug-17 8:45:00 pm,439.5
07-Aug-17 9:00:00 pm,441.4
07-Aug-17 9:15:00 pm,445.3
07-Aug-17 9:30:00 pm,447.3
07-Aug-17 9:45:00 pm,453.1
07-Aug-17 10:00:00 pm,447.3
07-Aug-17 10:15:00 pm,441.4
07-Aug-17 10:30:00 pm,437.5
07-Aug-17 10:45:01 pm,439.5
07-Aug-17 11:00:00 pm,441.4
07-Aug-17 11:15:00 pm,441.4
07-Aug-17 11:30:00 pm,437.5
07-Aug-17 11:45:00 pm,435.5
08-Aug-17 12:00:00 am,437.5
08-Aug-17 12:15:00 am,439.5
08-Aug-17 12:30:00 am,437.5
08-Aug-17 12:45:00 am,439.5
08-Aug-17 1:00:00 am,439.5
08-Aug-17 1:15:00 am,435.5
08-Aug-17 1:30:00 am,437.5
08-Aug-17 1:45:00 am,437.5
08-Aug-17 2:00:01 am,441.4
08-Aug-17 2:15:00 am,441.4
08-Aug-17 2:30:00 am,437.5
08-Aug-17 2:45:00 am,437.5
08-Aug-17 3:00:00 am,435.5
08-Aug-17 3:15:00 am,437.5
08-Aug-17 3:30:00 am,437.5
08-Aug-17 3:45:00 am,433.6
08-Aug-17 4:00:00 am,437.5
08-Aug-17 4:15:00 am,435.5
08-Aug-17 4:30:00 am,433.6
08-Aug-17 4:45:00 am,433.6
08-Aug-17 5:00:00 am,433.6
08-Aug-17 5:15:00 am,435.5
08-Aug-17 5:30:00 am,435.5
08-Aug-17 5:45:00 am,435.5
08-Aug-17 6:00:00 am,433.6
08-Aug-17 6:15:00 am,435.5
08-Aug-17 6:30:00 am,437.5
08-Aug-17 6:45:00 am,437.5
08-Aug-17 7:00:00 am,441.4
08-Aug-17 7:15:00 am,441.4
08-Aug-17 7:30:00 am,451.2
08-Aug-17 7:45:00 am,457.0
08-Aug-17 8:00:00 am,462.9
08-Aug-17 8:15:00 am,697.3
08-Aug-17 8:30:00 am,705.1
08-Aug-17 8:45:00 am,710.9
08-Aug-17 9:00:00 am,712.9
08-Aug-17 9:15:00 am,693.4
08-Aug-17 9:30:00 am,693.4
08-Aug-17 9:45:00 am,685.5
08-Aug-17 10:00:00 am,669.9
08-Aug-17 10:15:00 am,709.0
08-Aug-17 10:30:00 am,691.4
08-Aug-17 10:45:00 am,695.3
08-Aug-17 11:00:00 am,671.9
08-Aug-17 11:15:00 am,574.2
08-Aug-17 11:30:00 am,523.4
08-Aug-17 11:45:00 am,502.0
08-Aug-17 12:00:00 pm,537.1
08-Aug-17 12:15:00 pm,808.6
08-Aug-17 12:30:00 pm,750.0
08-Aug-17 12:45:00 pm,740.2
08-Aug-17 1:00:00 pm,714.8
08-Aug-17 1:15:00 pm,789.1
08-Aug-17 1:30:00 pm,734.4
08-Aug-17 1:45:00 pm,736.3
08-Aug-17 2:00:00 pm,709.0
08-Aug-17 2:15:00 pm,548.8
08-Aug-17 2:30:00 pm,511.7
08-Aug-17 2:45:00 pm,486.3
08-Aug-17 3:00:00 pm,470.7
08-Aug-17 3:15:00 pm,457.0
08-Aug-17 3:30:00 pm,451.2
08-Aug-17 3:45:00 pm,455.1
08-Aug-17 4:00:00 pm,449.2
08-Aug-17 4:15:00 pm,441.4
08-Aug-17 4:30:00 pm,441.4
08-Aug-17 4:45:00 pm,445.3
08-Aug-17 5:00:00 pm,474.6
08-Aug-17 5:15:00 pm,558.6
08-Aug-17 5:30:00 pm,597.7
08-Aug-17 5:45:00 pm,447.3
08-Aug-17 6:00:00 pm,437.5
08-Aug-17 6:15:00 pm,433.6
08-Aug-17 6:30:00 pm,439.5
08-Aug-17 6:45:00 pm,437.5
08-Aug-17 7:00:00 pm,439.5
08-Aug-17 7:15:00 pm,433.6
08-Aug-17 7:30:00 pm,433.6
08-Aug-17 7:45:00 pm,431.6
08-Aug-17 8:00:00 pm,433.6
08-Aug-17 8:15:00 pm,439.5
08-Aug-17 8:30:00 pm,435.5
08-Aug-17 8:45:00 pm,437.5
08-Aug-17 9:00:00 pm,435.5
08-Aug-17 9:15:00 pm,435.5
08-Aug-17 9:30:00 pm,435.5
08-Aug-17 9:45:00 pm,437.5
08-Aug-17 10:00:00 pm,439.5
08-Aug-17 10:15:00 pm,439.5
08-Aug-17 10:30:00 pm,441.4
08-Aug-17 10:45:00 pm,441.4
08-Aug-17 11:00:00 pm,439.5
08-Aug-17 11:15:00 pm,443.4
08-Aug-17 11:30:00 pm,441.4
08-Aug-17 11:45:00 pm,441.4
09-Aug-17 12:00:00 am,439.5
09-Aug-17 12:15:00 am,439.5
09-Aug-17 12:30:00 am,441.4
09-Aug-17 12:45:00 am,437.5
09-Aug-17 1:00:00 am,439.5
09-Aug-17 1:15:00 am,441.4
09-Aug-17 1:30:00 am,441.4
09-Aug-17 1:45:00 am,441.4
09-Aug-17 2:00:00 am,441.4
09-Aug-17 2:15:00 am,441.4
09-Aug-17 2:30:00 am,441.4
09-Aug-17 2:45:00 am,435.5
09-Aug-17 3:00:00 am,437.5
09-Aug-17 3:15:00 am,439.5
09-Aug-17 3:30:00 am,439.5
09-Aug-17 3:45:00 am,439.5
09-Aug-17 4:00:00 am,439.5
09-Aug-17 4:15:00 am,437.5
09-Aug-17 4:30:00 am,441.4
09-Aug-17 4:45:00 am,441.4
09-Aug-17 5:00:00 am,441.4
09-Aug-17 5:15:00 am,443.4
09-Aug-17 5:30:00 am,445.3
09-Aug-17 5:45:00 am,443.4
09-Aug-17 6:00:00 am,449.2
09-Aug-17 6:15:00 am,459.0
09-Aug-17 6:30:00 am,451.2
09-Aug-17 6:45:00 am,453.1
09-Aug-17 7:00:00 am,451.2
09-Aug-17 7:15:00 am,451.2
09-Aug-17 7:30:00 am,455.1
09-Aug-17 7:45:00 am,459.0
09-Aug-17 8:00:00 am,470.7
09-Aug-17 8:15:00 am,511.7
09-Aug-17 8:30:00 am,531.3
09-Aug-17 8:45:00 am,537.1
09-Aug-17 9:00:00 am,546.9
09-Aug-17 9:15:00 am,599.6
09-Aug-17 9:30:00 am,621.1
09-Aug-17 9:45:00 am,630.9
09-Aug-17 10:00:00 am,628.9
09-Aug-17 10:15:00 am,709.0
09-Aug-17 10:30:00 am,709.0
09-Aug-17 10:45:00 am,703.1
09-Aug-17 11:00:00 am,691.4
09-Aug-17 11:15:00 am,701.2
09-Aug-17 11:30:00 am,689.5
09-Aug-17 11:45:00 am,687.5
09-Aug-17 12:00:00 pm,677.7
09-Aug-17 12:15:00 pm,703.1
09-Aug-17 12:30:00 pm,689.5
09-Aug-17 12:45:00 pm,671.9
09-Aug-17 1:00:00 pm,681.6
09-Aug-17 1:15:00 pm,777.3
09-Aug-17 1:30:00 pm,716.8
09-Aug-17 1:45:00 pm,720.7
09-Aug-17 2:00:00 pm,611.3
09-Aug-17 2:15:00 pm,648.4
09-Aug-17 2:30:00 pm,658.2
09-Aug-17 2:45:00 pm,654.3
09-Aug-17 3:00:00 pm,656.3
09-Aug-17 3:15:00 pm,652.3
09-Aug-17 3:30:00 pm,648.4
09-Aug-17 3:45:00 pm,630.9
09-Aug-17 4:00:00 pm,550.8
09-Aug-17 4:15:00 pm,623.0
09-Aug-17 4:30:00 pm,660.2
09-Aug-17 4:45:00 pm,664.1
09-Aug-17 5:00:00 pm,650.4
09-Aug-17 5:15:00 pm,630.9
09-Aug-17 5:30:00 pm,623.0
09-Aug-17 5:45:00 pm,623.0
09-Aug-17 6:00:00 pm,619.1
09-Aug-17 6:15:00 pm,550.8
09-Aug-17 6:30:00 pm,502.0
09-Aug-17 6:45:00 pm,474.6
09-Aug-17 7:00:00 pm,460.9
09-Aug-17 7:15:00 pm,451.2
09-Aug-17 7:30:00 pm,447.3
09-Aug-17 7:45:00 pm,437.5
09-Aug-17 8:00:00 pm,435.5
09-Aug-17 8:15:00 pm,427.7
09-Aug-17 8:30:00 pm,427.7
09-Aug-17 8:45:00 pm,423.8
09-Aug-17 9:00:00 pm,425.8
09-Aug-17 9:15:00 pm,423.8
09-Aug-17 9:30:00 pm,421.9
09-Aug-17 9:45:00 pm,425.8
09-Aug-17 10:00:00 pm,423.8
09-Aug-17 10:15:00 pm,427.7
09-Aug-17 10:30:00 pm,423.8
09-Aug-17 10:45:00 pm,421.9
09-Aug-17 11:00:00 pm,425.8
09-Aug-17 11:15:00 pm,423.8
09-Aug-17 11:30:00 pm,425.8
09-Aug-17 11:45:00 pm,425.8
10-Aug-17 12:00:00 am,423.8
10-Aug-17 12:15:00 am,423.8
10-Aug-17 12:30:00 am,421.9
10-Aug-17 12:45:00 am,421.9
10-Aug-17 1:00:00 am,421.9
10-Aug-17 1:15:00 am,421.9
10-Aug-17 1:30:00 am,419.9
10-Aug-17 1:45:00 am,418.0
10-Aug-17 2:00:01 am,418.0
10-Aug-17 2:15:00 am,419.9
10-Aug-17 2:30:00 am,419.9
10-Aug-17 2:45:00 am,416.0
10-Aug-17 3:00:00 am,416.0
10-Aug-17 3:15:00 am,418.0
10-Aug-17 3:30:00 am,418.0
10-Aug-17 3:45:00 am,418.0
10-Aug-17 4:00:00 am,419.9
10-Aug-17 4:15:00 am,416.0
10-Aug-17 4:30:00 am,419.9
10-Aug-17 4:45:00 am,418.0
10-Aug-17 5:00:00 am,418.0
10-Aug-17 5:15:00 am,419.9
10-Aug-17 5:30:00 am,421.9
10-Aug-17 5:45:00 am,416.0
10-Aug-17 6:00:00 am,418.0
10-Aug-17 6:15:00 am,418.0
10-Aug-17 6:30:00 am,423.8
10-Aug-17 6:45:00 am,421.9
10-Aug-17 7:00:00 am,418.0
10-Aug-17 7:15:00 am,421.9
10-Aug-17 7:30:00 am,419.9
10-Aug-17 7:45:00 am,419.9
10-Aug-17 8:00:00 am,423.8
10-Aug-17 8:15:00 am,589.8
10-Aug-17 8:30:00 am,603.5
10-Aug-17 8:45:00 am,634.8
10-Aug-17 9:00:00 am,662.1
10-Aug-17 9:15:00 am,699.2
10-Aug-17 9:30:00 am,685.5
10-Aug-17 9:45:00 am,697.3
10-Aug-17 10:00:00 am,640.6
10-Aug-17 10:15:00 am,689.5
10-Aug-17 10:30:00 am,658.2
10-Aug-17 10:45:00 am,664.1
10-Aug-17 11:00:00 am,634.8
10-Aug-17 11:15:00 am,642.6
10-Aug-17 11:30:00 am,658.2
10-Aug-17 11:45:00 am,646.5
10-Aug-17 12:00:00 pm,650.4
10-Aug-17 12:15:01 pm,650.4
10-Aug-17 12:30:00 pm,648.4
10-Aug-17 12:45:00 pm,582.0
10-Aug-17 1:00:00 pm,511.7
10-Aug-17 1:15:00 pm,601.6
10-Aug-17 1:30:00 pm,636.7
10-Aug-17 1:45:00 pm,644.5
10-Aug-17 2:00:00 pm,595.7
10-Aug-17 2:15:00 pm,623.0
10-Aug-17 2:30:00 pm,652.3
10-Aug-17 2:45:00 pm,654.3
10-Aug-17 3:00:00 pm,642.6
10-Aug-17 3:15:00 pm,630.9